{
"type": "FeatureCollection",
"crs": { "type": "name", "properties": { "name": "urn:ogc:def:crs:OGC:1.3:CRS84" } },
"features": [
{ "type": "Feature", "properties": { "ADM0_CODE": 270, "ADM0_NAME": "Zambia", "ADM1_CODE": 3426, "ADM1_NAME": "Central", "ADM2_CODE": 65174, "ADM2_NAME": "Chibombo", "DISP_AREA": "NO", "EXP2_YEAR": 3000, "STATUS": "Member State", "STR2_YEAR": 1000, "Shape_Area": 1.1183304494499999, "Shape_Leng": 5.8962188315799997, "within_agro_zone": true, "intersection_area": 1.1183296698777618, "percentage_within_agro_zone": 99.999999999999901 }, "geometry": { "type": "Polygon", "coordinates": [ [ [ 25.87672972220475, -17.976767755273631 ], [ 25.871753332139971, -17.976830253098139 ], [ 25.86737006812643, -17.976879270075859 ], [ 25.865189600265229, -17.975068897861938 ], [ 25.863628876121037, -17.970926371358146 ], [ 25.862438268420124, -17.967760428202201 ], [ 25.860480775788357, -17.964572159414132 ], [ 25.861452800069362, -17.961646954792016 ], [ 25.863709110183702, -17.954878076811795 ], [ 25.863307849392069, -17.953906010058446 ], [ 25.862960017339262, -17.953058797577253 ], [ 25.859089520394569, -17.950811370148173 ], [ 25.850612769205036, -17.949879398772264 ], [ 25.849720943763753, -17.949781357657255 ], [ 25.849716521186931, -17.949776888017691 ], [ 25.848592822290101, -17.946682230581288 ], [ 25.8477187708252, -17.944292128254158 ], [ 25.847955154919418, -17.943779371390171 ], [ 25.84987699763964, -17.939632413452163 ], [ 25.850287214005839, -17.938740588388175 ], [ 25.850291726836396, -17.938740616235947 ], [ 25.85185686118761, -17.937456362840777 ], [ 25.860244402770366, -17.930589381043134 ], [ 25.858331479458531, -17.930379743828361 ], [ 25.858326966762721, -17.930379799559841 ], [ 25.858153137805527, -17.930143435480087 ], [ 25.856119709657527, -17.927418897307675 ], [ 25.854090869061952, -17.919178474247317 ], [ 25.848989682594485, -17.914420679954279 ], [ 25.848722070464859, -17.91360013750166 ], [ 25.844481488257411, -17.90070001935733 ], [ 25.842229619126378, -17.894292279985571 ], [ 25.842229619126378, -17.894287767972479 ], [ 25.836678074849665, -17.891148556721063 ], [ 25.83117109594928, -17.88993571277938 ], [ 25.827768791507346, -17.889191063532341 ], [ 25.819992153320886, -17.889382778854142 ], [ 25.809218963824115, -17.88965034620275 ], [ 25.80014023265316, -17.886310483988588 ], [ 25.799948491935986, -17.885779796257456 ], [ 25.797041129993403, -17.877820341442437 ], [ 25.785581274150466, -17.86697134206781 ], [ 25.777817958671374, -17.8620395616663 ], [ 25.768079285360219, -17.853692115829297 ], [ 25.749578469696008, -17.851681112235902 ], [ 25.725414593668269, -17.841193296484317 ], [ 25.722498311805257, -17.839931327973691 ], [ 25.72006808345915, -17.838486620583694 ], [ 25.719118308327712, -17.837920295212001 ], [ 25.70666852956818, -17.8397218019973 ], [ 25.705558237254415, -17.836555784784245 ], [ 25.704661963059401, -17.834009678446709 ], [ 25.704439000298585, -17.821149617366672 ], [ 25.702980842874009, -17.818839780031201 ], [ 25.700992130255738, -17.815691693191219 ], [ 25.700987614954812, -17.81569165738437 ], [ 25.692435048937707, -17.815446413134641 ], [ 25.685148927394927, -17.815241349755016 ], [ 25.671539691328501, -17.818429566117405 ], [ 25.670942162661007, -17.819169807475078 ], [ 25.661912514404111, -17.828953066949577 ], [ 25.657448928032498, -17.833791201827506 ], [ 25.65679789961435, -17.834179096199751 ], [ 25.64364803063302, -17.841978079682459 ], [ 25.64364803063302, -17.841982512652788 ], [ 25.637249273416973, -17.843940092798434 ], [ 25.634132354604937, -17.844898763739518 ], [ 25.628594131634216, -17.846602145839533 ], [ 25.628108068613138, -17.84674930280983 ], [ 25.622569908120248, -17.847150672378461 ], [ 25.620683693006399, -17.847288839647195 ], [ 25.620679176411898, -17.847288885946366 ], [ 25.612742048396818, -17.845309053435191 ], [ 25.608670824743434, -17.845808476776096 ], [ 25.59510179557131, -17.85354053555454 ], [ 25.585180293118061, -17.846758282037033 ], [ 25.577310023808018, -17.847601035595563 ], [ 25.573212092944793, -17.848037978153002 ], [ 25.573207665939275, -17.84803801045642 ], [ 25.564271573500196, -17.843311375576487 ], [ 25.557061204208349, -17.8420092736268 ], [ 25.554078123459114, -17.842825327557271 ], [ 25.55179950091788, -17.84344955295127 ], [ 25.548727185498876, -17.84566576368168 ], [ 25.543719592596432, -17.849268682749507 ], [ 25.543719592596432, -17.849273202299468 ], [ 25.535251727847118, -17.863368435423681 ], [ 25.529071471109528, -17.868028134172782 ], [ 25.527987861400749, -17.868251086746703 ], [ 25.514949438231035, -17.870931008527464 ], [ 25.50868886405814, -17.869388209456286 ], [ 25.487650885090478, -17.854459103293859 ], [ 25.48534996046196, -17.853451364422611 ], [ 25.479459474857624, -17.850869532104191 ], [ 25.4719191045683, -17.850343397564924 ], [ 25.465052148866722, -17.849861743088983 ], [ 25.458069162073837, -17.847409283173342 ], [ 25.456428256813687, -17.847480584451702 ], [ 25.451121892655976, -17.847708040828117 ], [ 25.442310762143158, -17.853767955791731 ], [ 25.434391340039106, -17.853388927979985 ], [ 25.433660083289546, -17.852648687538597 ], [ 25.428808524239543, -17.847708024020637 ], [ 25.411320000306073, -17.849259759002258 ], [ 25.388119225566665, -17.855457968624698 ], [ 25.381778394918143, -17.854570582262291 ], [ 25.380431794202206, -17.85437883804169 ], [ 25.375669417180696, -17.848278776352931 ], [ 25.37314115083673, -17.845041471677604 ], [ 25.366809226508142, -17.84019888149723 ], [ 25.359161846746222, -17.838508913175783 ], [ 25.349360759441339, -17.842049425804717 ], [ 25.346328562396646, -17.842312512805847 ], [ 25.343372195370037, -17.842571186797208 ], [ 25.341708960659918, -17.842009307160911 ], [ 25.327640497501854, -17.833862525240356 ], [ 25.327618163227932, -17.833849181943602 ], [ 25.327435329495447, -17.83374661269972 ], [ 25.311418236008098, -17.82488188356767 ], [ 25.303748575269303, -17.824979983010294 ], [ 25.294322085896038, -17.819588909661654 ], [ 25.285341422259545, -17.812128907526517 ], [ 25.27438099951322, -17.800780448141754 ], [ 25.273640764704268, -17.800437107961812 ], [ 25.270332069808383, -17.798912058576569 ], [ 25.270332069808383, -17.79890761620986 ], [ 25.270831564268914, -17.793859917698164 ], [ 25.268387895500204, -17.790805423210475 ], [ 25.262805188657303, -17.79138960106232 ], [ 25.26170370279776, -17.790818801864919 ], [ 25.257703898865611, -17.788740903193702 ], [ 25.256535647941416, -17.788134437052697 ], [ 25.252442167718389, -17.786007443654572 ], [ 25.249017567468393, -17.783412302624537 ], [ 25.239292289951532, -17.776045810214661 ], [ 25.226739925832344, -17.768674893161837 ], [ 25.218570854984822, -17.76727921156203 ], [ 25.195258715452859, -17.769272450692203 ], [ 25.190474029480939, -17.76827360438768 ], [ 25.182701881622243, -17.76229836796448 ], [ 25.174532756875806, -17.750539788036814 ], [ 25.16696124075591, -17.745162060859531 ], [ 25.164134168373909, -17.744872275973076 ], [ 25.159193494130065, -17.744363870925614 ], [ 25.15679889838497, -17.742370694875142 ], [ 25.15540771217044, -17.736395503161095 ], [ 25.15671421687113, -17.734103524962293 ], [ 25.160985991271207, -17.726630090022269 ], [ 25.1587921644646, -17.717863489447243 ], [ 25.153013178552829, -17.707901862115875 ], [ 25.149628665110345, -17.704909761957797 ], [ 25.143452869586124, -17.704713544207927 ], [ 25.140661418028216, -17.70650615436611 ], [ 25.139840978360834, -17.708231777018813 ], [ 25.138668220094786, -17.710688742317981 ], [ 25.137076367161061, -17.71168757329724 ], [ 25.13488246711481, -17.710889395005491 ], [ 25.134855685659211, -17.710831486170711 ], [ 25.132889233338595, -17.70650613048889 ], [ 25.135279302832302, -17.700927776801009 ], [ 25.133290595433245, -17.694551262051061 ], [ 25.121933194137295, -17.692558064593733 ], [ 25.105470206731042, -17.705694618736938 ], [ 25.101207287294219, -17.709096887964918 ], [ 25.097024665655528, -17.709293050001271 ], [ 25.094037084607233, -17.707500538747599 ], [ 25.094037084607233, -17.702319025574212 ], [ 25.098866281787071, -17.698221149364493 ], [ 25.100609799068877, -17.696740682333736 ], [ 25.104596200154955, -17.685584008761573 ], [ 25.107985168091403, -17.680799438869954 ], [ 25.108382036875881, -17.677214292035774 ], [ 25.104596200154955, -17.673227856795748 ], [ 25.104796898836209, -17.66725264402519 ], [ 25.102491571070413, -17.664822465158288 ], [ 25.101207287294219, -17.663466895330178 ], [ 25.090251352180708, -17.663070042356047 ], [ 25.086336263503117, -17.659623146450706 ], [ 25.085270453570335, -17.658682280082619 ], [ 25.084070983396256, -17.655895314046489 ], [ 25.084271694743755, -17.646330540003664 ], [ 25.081284087240075, -17.640350950362564 ], [ 25.067135315782568, -17.631584365759583 ], [ 25.065342751159985, -17.624213414957051 ], [ 25.065940303956229, -17.616044365336723 ], [ 25.063947099608825, -17.614849280082094 ], [ 25.055978686209887, -17.614648686252199 ], [ 25.056045565576177, -17.617716536226776 ], [ 25.056179324272826, -17.624012785302344 ], [ 25.054186060699493, -17.628797434092998 ], [ 25.051791594455526, -17.630193076166933 ], [ 25.047809617733918, -17.631187446777247 ], [ 25.04302500986153, -17.627004854720077 ], [ 25.04223129420248, -17.61983011925993 ], [ 25.042427415455322, -17.619495715789931 ], [ 25.048607754568422, -17.609070288888226 ], [ 25.051194015940517, -17.601101948764867 ], [ 25.049602187449949, -17.593525859483556 ], [ 25.047212031996455, -17.589940815910719 ], [ 25.026887500201735, -17.584362455656148 ], [ 25.025094897867874, -17.585160594143552 ], [ 25.023899914769657, -17.591336465961692 ], [ 25.023757182657906, -17.591501508595908 ], [ 25.021906637559901, -17.59372659817577 ], [ 25.013737633115849, -17.59731616663456 ], [ 25.007958612322494, -17.59771300866721 ], [ 25.007316512825895, -17.59740081609651 ], [ 25.000583264069018, -17.59412790371249 ], [ 24.99495137645857, -17.587613134278747 ], [ 24.994211222435112, -17.5867524956941 ], [ 24.994014982227359, -17.586088079898868 ], [ 24.986835842695683, -17.561447103197906 ], [ 24.981458176253501, -17.555070569295879 ], [ 24.977868581968146, -17.55387560560127 ], [ 24.97468032389698, -17.553278077787176 ], [ 24.962127956355207, -17.564238499033316 ], [ 24.962101251382173, -17.564247444510812 ], [ 24.9575484312391, -17.566031045554844 ], [ 24.950373765658899, -17.565830391564777 ], [ 24.94519676644795, -17.567123564107824 ], [ 24.94399724412667, -17.567426822681497 ], [ 24.942204742502938, -17.565634228692989 ], [ 24.941847961127845, -17.559391460584298 ], [ 24.94180342001501, -17.558660207984953 ], [ 24.945789826823358, -17.552881157969402 ], [ 24.945789826823358, -17.55029045526366 ], [ 24.943600359729473, -17.548497913251673 ], [ 24.940211523926219, -17.546901545690758 ], [ 24.935596304952984, -17.548729752490392 ], [ 24.93064668270738, -17.550687276248784 ], [ 24.929366986528525, -17.550945974710256 ], [ 24.913711030284201, -17.554076232040011 ], [ 24.904743831163124, -17.553478701378253 ], [ 24.895178995702484, -17.545505882443532 ], [ 24.890198186375663, -17.536939898362895 ], [ 24.879639013542374, -17.526576947726134 ], [ 24.862302066335314, -17.529965908278431 ], [ 24.85313857268536, -17.529368316639033 ], [ 24.836198494154981, -17.523986250545033 ], [ 24.827632561529843, -17.519602887941385 ], [ 24.82125604121034, -17.525783214424173 ], [ 24.812489416892838, -17.528971504933505 ], [ 24.802456450230476, -17.536641150769253 ], [ 24.802327120452759, -17.536739259518423 ], [ 24.799339571447369, -17.536939931160386 ], [ 24.79117052949865, -17.534549827476798 ], [ 24.790827178736556, -17.534054819885519 ], [ 24.789373436477703, -17.531959062948999 ], [ 24.785788370950041, -17.514225251107675 ], [ 24.781605673493541, -17.509244451572492 ], [ 24.778417421791428, -17.508049402313354 ], [ 24.764665615534579, -17.517212851487717 ], [ 24.759087228788694, -17.518011047440346 ], [ 24.751319534238188, -17.512628852195554 ], [ 24.744407851948615, -17.511451720706127 ], [ 24.743150394166495, -17.511237672026688 ], [ 24.740011259739003, -17.509284582424403 ], [ 24.735775038232422, -17.506653687448932 ], [ 24.730593602628559, -17.501075343786248 ], [ 24.704293780637489, -17.496888275415035 ], [ 24.691540781303019, -17.501472242619371 ], [ 24.678190207666638, -17.500674016546231 ], [ 24.672215030101057, -17.50764807457028 ], [ 24.666436088503175, -17.510238832899706 ], [ 24.65786567573717, -17.511634500180367 ], [ 24.649500376701358, -17.511036980621789 ], [ 24.647105855902705, -17.513427103475422 ], [ 24.645714602179783, -17.519206091525184 ], [ 24.64372135376103, -17.519803558280792 ], [ 24.641527490653502, -17.519406748749187 ], [ 24.634954794346811, -17.513627687486732 ], [ 24.626384383287601, -17.51262892953152 ], [ 24.620409190729138, -17.51681598810211 ], [ 24.616025890845865, -17.530166564909543 ], [ 24.608650534435689, -17.534746018501789 ], [ 24.587902388180787, -17.533506412346419 ], [ 24.56255685927211, -17.539000005648383 ], [ 24.556403305001258, -17.53654307184415 ], [ 24.552305381962363, -17.532195415889642 ], [ 24.548778198688328, -17.511277770440437 ], [ 24.545986807973318, -17.509061632275934 ], [ 24.534419903625981, -17.508076115218515 ], [ 24.525153877563074, -17.513819506842424 ], [ 24.521216501809047, -17.514804932927454 ], [ 24.507763395265638, -17.511193094882429 ], [ 24.491768580347678, -17.498645157849605 ], [ 24.481022128846014, -17.492901861734577 ], [ 24.473392647638835, -17.485602233248951 ], [ 24.453380243035429, -17.479288175054904 ], [ 24.432137084518008, -17.479613709494039 ], [ 24.407362269071523, -17.472314119079016 ], [ 24.388500298961553, -17.468951974244064 ], [ 24.380786007916196, -17.471083468704819 ], [ 24.367992878637114, -17.477401966462828 ], [ 24.355360205149491, -17.480353947797436 ], [ 24.346321616769057, -17.484741635807143 ], [ 24.338464715881642, -17.488554157324941 ], [ 24.327227787181322, -17.492331014935445 ], [ 24.322969370711558, -17.490525093092224 ], [ 24.312133748949329, -17.48593226788833 ], [ 24.288754654960897, -17.483800781988521 ], [ 24.278008207573517, -17.484046049010541 ], [ 24.275912447196447, -17.486547641049956 ], [ 24.272514625302865, -17.490605407302578 ], [ 24.269317386701935, -17.490935385150465 ], [ 24.260537417919874, -17.487243235563085 ], [ 24.258013585615235, -17.484902210203167 ], [ 24.253893416418165, -17.48109413343261 ], [ 24.253594666560765, -17.480532262357258 ], [ 24.249291611555876, -17.472563855794498 ], [ 24.24723153533413, -17.472996351817045 ], [ 24.180425207960511, -17.486195307081118 ], [ 24.133516885457517, -17.495461889066441 ], [ 24.086608558058703, -17.504728494704402 ], [ 24.03970022655459, -17.513995040343886 ], [ 23.992791891681794, -17.523261610902637 ], [ 23.945883463456074, -17.532528218588755 ], [ 23.898975124127634, -17.541794756421883 ], [ 23.852066783685284, -17.551061320917004 ], [ 23.805158442883606, -17.560327912622096 ], [ 23.758250102450241, -17.569594447562643 ], [ 23.711341763112816, -17.578861010665378 ], [ 23.664433425616938, -17.588127602379451 ], [ 23.617525090690243, -17.597394138577641 ], [ 23.570616668240692, -17.606660715604264 ], [ 23.523708340635267, -17.6159273109655 ], [ 23.476800017799896, -17.625193851798997 ], [ 23.429891700453229, -17.634460423022499 ], [ 23.430622982670027, -17.631521853310502 ], [ 23.426422504104522, -17.620334007784756 ], [ 23.427483731946641, -17.611331090632888 ], [ 23.424563034522649, -17.605271138281392 ], [ 23.416393984525026, -17.597097606355256 ], [ 23.401415814555705, -17.587568547459632 ], [ 23.363963891812524, -17.552841024512379 ], [ 23.33128305452091, -17.537862922868914 ], [ 23.272726143143142, -17.523562617274127 ], [ 23.229147408876305, -17.527647150744052 ], [ 23.215163608852542, -17.520463491824113 ], [ 23.212867177103007, -17.519286335361521 ], [ 23.211226292935297, -17.514916374723597 ], [ 23.206958904002644, -17.5035322980541 ], [ 23.193175862389118, -17.49368665538012 ], [ 23.194161308901837, -17.487287819741152 ], [ 23.178407270228981, -17.474980655252374 ], [ 23.169252743220834, -17.474980723434502 ], [ 23.169056537822801, -17.474980710058588 ], [ 23.168071056994439, -17.478427550969066 ], [ 23.159705775951881, -17.477937089652627 ], [ 23.149039674386568, -17.471984168692625 ], [ 23.141793562126697, -17.467939762382539 ], [ 23.138538459445055, -17.466120452183066 ], [ 23.142092379779946, -17.457032852133956 ], [ 23.142966384370759, -17.454798816277091 ], [ 23.139028947818751, -17.446923994412987 ], [ 23.129807494112086, -17.445773565120799 ], [ 23.129562292361651, -17.445742337615396 ], [ 23.127216785450511, -17.445448041793824 ], [ 23.123279447281998, -17.439539780111051 ], [ 23.122293905287346, -17.431174509147592 ], [ 23.119341997515775, -17.42772758027408 ], [ 23.114419156546102, -17.427727611697147 ], [ 23.109986790807778, -17.43018900488218 ], [ 23.098723126385089, -17.421426869401241 ], [ 23.092266338998819, -17.416405980767838 ], [ 23.084391551234763, -17.408036212999765 ], [ 23.08260795870676, -17.405565899373279 ], [ 23.069132540302395, -17.38687334983706 ], [ 23.070746745323632, -17.37837874433481 ], [ 23.073069976728636, -17.366196462945126 ], [ 23.06568561964847, -17.35241337157392 ], [ 23.061690339218863, -17.349702267751496 ], [ 23.052986125113183, -17.343798412035692 ], [ 23.038119524527726, -17.333707456777141 ], [ 23.029259257139046, -17.319433898771464 ], [ 23.010776259450701, -17.304803535199063 ], [ 23.005630489442968, -17.300727927003528 ], [ 22.99874117306598, -17.29334369611869 ], [ 22.993327812281578, -17.283502473084045 ], [ 22.994790370382049, -17.277638711029901 ], [ 22.996279740885079, -17.271685785084252 ], [ 22.980530181436809, -17.264301579082748 ], [ 22.979932695053012, -17.265492159816233 ], [ 22.976097882083984, -17.273166204279718 ], [ 22.970189597512132, -17.27907004652079 ], [ 22.965266737399364, -17.270704783848782 ], [ 22.931306163648443, -17.26922441615373 ], [ 22.918013602997515, -17.266272512792884 ], [ 22.906691998191214, -17.259873626659616 ], [ 22.898322243430744, -17.249537467898911 ], [ 22.878635261560969, -17.235754361939062 ], [ 22.863376290603632, -17.228370066456375 ], [ 22.857958441099452, -17.21311108379399 ], [ 22.84565574646583, -17.205726798183786 ], [ 22.833839193150446, -17.190467757229722 ], [ 22.819137522927761, -17.178116065857424 ], [ 22.803035663188492, -17.164591569830076 ], [ 22.796922296282567, -17.159454677692633 ], [ 22.802830551452558, -17.142229181785893 ], [ 22.793475372933695, -17.133368953689523 ], [ 22.788128944102958, -17.119799921265496 ], [ 22.787076547679249, -17.117124459000287 ], [ 22.763554848672715, -17.100839851605105 ], [ 22.76148136973066, -17.09940397214805 ], [ 22.756567375459742, -17.095448785937059 ], [ 22.741299432955795, -17.083159527818367 ], [ 22.735886072566654, -17.074789756169569 ], [ 22.735654214939419, -17.073420780548911 ], [ 22.735052203175599, -17.069800026176718 ], [ 22.734405637956094, -17.065929535511252 ], [ 22.723471976650902, -17.058643311713244 ], [ 22.718165632058501, -17.055102840577494 ], [ 22.714094497176635, -17.045604933603023 ], [ 22.713733246144013, -17.044766633298781 ], [ 22.68979237830489, -17.031870910135027 ], [ 22.688138021662695, -17.030983523404313 ], [ 22.690599460446212, -17.023599253972765 ], [ 22.673860017876709, -17.009321217254545 ], [ 22.661062363846423, -16.995538177320871 ], [ 22.651221121947156, -16.99160073080655 ], [ 22.639899496632317, -16.972899275624133 ], [ 22.637990996624943, -16.970589454323587 ], [ 22.630544286941916, -16.961577615813987 ], [ 22.617430038542135, -16.947910507123872 ], [ 22.606915486870552, -16.936963426012415 ], [ 22.589195019718371, -16.926627241308367 ], [ 22.577873410097101, -16.916290963907162 ], [ 22.573935978908036, -16.90644531825976 ], [ 22.559662430945526, -16.909397267856889 ], [ 22.557169785138196, -16.914672350107224 ], [ 22.54653037638273, -16.909352663745203 ], [ 22.54682465877449, -16.903145618122949 ], [ 22.54386828154302, -16.894276388000137 ], [ 22.533228847338282, -16.888368157641615 ], [ 22.524359686951684, -16.880386343229166 ], [ 22.515789300236818, -16.868859588544463 ], [ 22.492142679656347, -16.849350963257695 ], [ 22.484165399319618, -16.844918633631643 ], [ 22.482983754370807, -16.832210215870131 ], [ 22.495099088212068, -16.817133970290488 ], [ 22.489458369776106, -16.814387152632403 ], [ 22.481507719798341, -16.810512215809336 ], [ 22.472045507471517, -16.805901507106462 ], [ 22.461406110376185, -16.79674250930891 ], [ 22.450396565306704, -16.797335585458736 ], [ 22.445817102910972, -16.794410393359136 ], [ 22.437233377516694, -16.781541385696674 ], [ 22.43704156841078, -16.778321998458679 ], [ 22.425826919717153, -16.767499725553773 ], [ 22.425630743496399, -16.763794210984305 ], [ 22.42095315592131, -16.756677520031495 ], [ 22.416369230488634, -16.755504731770699 ], [ 22.414322507211544, -16.753458005385443 ], [ 22.417929918664278, -16.747638898727804 ], [ 22.419098159940567, -16.745757145608856 ], [ 22.417635607203039, -16.743514186031689 ], [ 22.413961256241805, -16.743349218730195 ], [ 22.411004942934451, -16.743219908490833 ], [ 22.40076680200443, -16.733178002558333 ], [ 22.396187268309411, -16.725280970262052 ], [ 22.391117313272982, -16.721869748352088 ], [ 22.384192299616284, -16.719916633929351 ], [ 22.37844007510073, -16.726257490925462 ], [ 22.376000932349854, -16.726159376534874 ], [ 22.370641134503597, -16.708412213922813 ], [ 22.371969944139231, -16.706360975587344 ], [ 22.374930793354867, -16.70178148771539 ], [ 22.371029045171284, -16.699248698147354 ], [ 22.368884211698738, -16.70090308882672 ], [ 22.356104462673098, -16.699712444726075 ], [ 22.350066810297847, -16.699150600743906 ], [ 22.353848190521564, -16.684288430604518 ], [ 22.354160250608729, -16.683062165221632 ], [ 22.346945470615783, -16.673894251671836 ], [ 22.344412685934586, -16.672726000172723 ], [ 22.339534469342592, -16.671361483816085 ], [ 22.338910161294606, -16.671383826722813 ], [ 22.33475874295172, -16.671553284585634 ], [ 22.328324263949924, -16.666483259229086 ], [ 22.327249635013448, -16.663754301282591 ], [ 22.330567202749055, -16.658639700686209 ], [ 22.330665251661443, -16.658488057035314 ], [ 22.330469062873259, -16.649030310835634 ], [ 22.323058074984967, -16.641329437233978 ], [ 22.317867634381237, -16.639260426000106 ], [ 22.312525645222262, -16.637137924699424 ], [ 22.308432188166787, -16.637918213383653 ], [ 22.306385501271468, -16.636843622571678 ], [ 22.30424067035014, -16.634796863002656 ], [ 22.30433872086153, -16.632652046732847 ], [ 22.305667586713735, -16.630877363165826 ], [ 22.3078480704302, -16.627970032313936 ], [ 22.305212716325457, -16.626311178651527 ], [ 22.302876148576662, -16.626217596549008 ], [ 22.300075882964784, -16.628750370297709 ], [ 22.299754807610007, -16.629044668436933 ], [ 22.298662332328874, -16.62821522368883 ], [ 22.297315633400128, -16.627189650142039 ], [ 22.294292424035785, -16.620951366081886 ], [ 22.286199095243319, -16.621731672471906 ], [ 22.283960643546994, -16.613344151191075 ], [ 22.269374980448561, -16.604653305786503 ], [ 22.264652716330623, -16.601839634687508 ], [ 22.262115529868602, -16.598526558465437 ], [ 22.262507923533796, -16.594722972229256 ], [ 22.258802373956982, -16.588676404883291 ], [ 22.247101722097025, -16.58390069006272 ], [ 22.244176569900588, -16.578572089233045 ], [ 22.244158741917495, -16.578540843725406 ], [ 22.245170934806602, -16.576623474741062 ], [ 22.243708312252007, -16.573354955621838 ], [ 22.238067562698401, -16.573016037057524 ], [ 22.234464655982407, -16.577662438701243 ], [ 22.233782367800359, -16.578540824312814 ], [ 22.232462451890278, -16.577475140665189 ], [ 22.228480504274085, -16.574255689251551 ], [ 22.224507462187312, -16.574447370940426 ], [ 22.219120888086703, -16.57470601250261 ], [ 22.217881279820293, -16.572226795134352 ], [ 22.219009370670378, -16.570875678273072 ], [ 22.210550492110208, -16.558693375961624 ], [ 22.210880406824501, -16.556981087415913 ], [ 22.211116813825758, -16.555763791989619 ], [ 22.204124921126162, -16.550573410674698 ], [ 22.192379626949172, -16.547594656705943 ], [ 22.189013043206025, -16.546738535344616 ], [ 22.181454832231431, -16.546854455988058 ], [ 22.175479612040789, -16.543697442993334 ], [ 22.176607818360321, -16.541102275696563 ], [ 22.17976484611436, -16.542230421667274 ], [ 22.182921868918683, -16.540085555127746 ], [ 22.182921868918683, -16.538689834316475 ], [ 22.182921868918683, -16.535911822705067 ], [ 22.178587612899708, -16.534101430889905 ], [ 22.178070401433956, -16.533882997740179 ], [ 22.177539727402131, -16.53232674045077 ], [ 22.176607818360321, -16.529597739699554 ], [ 22.177397098506805, -16.527457425022384 ], [ 22.175029257151067, -16.524750685251544 ], [ 22.172447469173491, -16.523716210370466 ], [ 22.166570371377428, -16.521366245515829 ], [ 22.160818149098677, -16.522717382077165 ], [ 22.1594625263598, -16.520238119083476 ], [ 22.160256270279845, -16.517642952936548 ], [ 22.161946272512694, -16.515163665796145 ], [ 22.166374164613956, -16.514298608281834 ], [ 22.166570371377428, -16.51426291588896 ], [ 22.16758260511293, -16.511667748448456 ], [ 22.166458850987677, -16.509299910425469 ], [ 22.159306524622131, -16.505986845019116 ], [ 22.157210733441833, -16.505014740276014 ], [ 22.153910949635936, -16.500065118659226 ], [ 22.152247684176487, -16.497572541492168 ], [ 22.151797324247216, -16.492270625531233 ], [ 22.149541065929736, -16.491931719758927 ], [ 22.146495513640698, -16.496444343697647 ], [ 22.142660664047355, -16.496783270795959 ], [ 22.137697671959778, -16.49204317900934 ], [ 22.131388033512867, -16.492529277064712 ], [ 22.130371416295219, -16.49260950925888 ], [ 22.127664679767296, -16.494076532875646 ], [ 22.12191244436416, -16.491253980699376 ], [ 22.12089582282562, -16.48945244805158 ], [ 22.12833799852276, -16.485956566968881 ], [ 22.137024356069936, -16.485840616240864 ], [ 22.138205978929175, -16.484913105108138 ], [ 22.141759940047582, -16.482121725837665 ], [ 22.143565844894677, -16.477836500262157 ], [ 22.137024356069936, -16.472311682527028 ], [ 22.135445856107822, -16.466332043316889 ], [ 22.137474719098396, -16.462613176826846 ], [ 22.137925082037022, -16.459001278199437 ], [ 22.13668542394106, -16.456410563213726 ], [ 22.134090308234537, -16.4573112399172 ], [ 22.129256648035721, -16.452722867006397 ], [ 22.12743726863004, -16.450997212957578 ], [ 22.125631350478894, -16.445129015345955 ], [ 22.133029028829124, -16.44227962024237 ], [ 22.133528422390878, -16.442087892451955 ], [ 22.137586241015281, -16.438591936306029 ], [ 22.133176117976614, -16.435341275137699 ], [ 22.129466139004766, -16.432612293484663 ], [ 22.129577661334878, -16.429682707284837 ], [ 22.132716839564221, -16.427524500008751 ], [ 22.133189489723012, -16.427198948807053 ], [ 22.135780240219127, -16.422574862985858 ], [ 22.136235060741924, -16.419984143535519 ], [ 22.134879513362712, -16.409157464609738 ], [ 22.13465656021387, -16.407578922319008 ], [ 22.129805072247553, -16.404421837333299 ], [ 22.12743726863004, -16.39979778384247 ], [ 22.12743726863004, -16.394946318378953 ], [ 22.12732583716452, -16.388181800452809 ], [ 22.126648060833869, -16.386603299277969 ], [ 22.12334386418889, -16.387080394336717 ], [ 22.120445456419496, -16.387504065588391 ], [ 22.118077642893564, -16.383557708711717 ], [ 22.121346189132925, -16.378594762797547 ], [ 22.121421962736811, -16.378559052474298 ], [ 22.124958030905962, -16.376788861049636 ], [ 22.126309127114972, -16.373743226995941 ], [ 22.12439168547489, -16.367768100176189 ], [ 22.122135398797596, -16.36337138073818 ], [ 22.118978376559209, -16.356602487522533 ], [ 22.122251378756793, -16.356152143457511 ], [ 22.122135398797596, -16.353784306431653 ], [ 22.119995089932523, -16.349160274904634 ], [ 22.116837973730362, -16.346792493107198 ], [ 22.112436906212814, -16.341151721922159 ], [ 22.111875014943333, -16.333825401120759 ], [ 22.106234262991222, -16.3334864789542 ], [ 22.09800279761647, -16.33021351064107 ], [ 22.094734218364021, -16.322320914558038 ], [ 22.094506803965881, -16.316118312560135 ], [ 22.091911640271356, -16.30630826925848 ], [ 22.089994261046215, -16.304390847704727 ], [ 22.085709033934588, -16.304729770841465 ], [ 22.080750466912168, -16.296270858675324 ], [ 22.080184201745567, -16.292547524279467 ], [ 22.071921445650968, -16.290812937446344 ], [ 22.071051986670241, -16.290630078902392 ], [ 22.070713044947357, -16.289278937202692 ], [ 22.073477701880361, -16.287455210831386 ], [ 22.080295635465859, -16.28296487601726 ], [ 22.080523051202487, -16.278675214273417 ], [ 22.075350520526172, -16.276833653549961 ], [ 22.072291588747259, -16.275745562918779 ], [ 22.071613796561341, -16.271010062394627 ], [ 22.060675673701429, -16.262774105551248 ], [ 22.060265412446416, -16.261926820072958 ], [ 22.058985597025192, -16.259278114631542 ], [ 22.060109313016962, -16.256460009178806 ], [ 22.059208557306661, -16.2530755451257 ], [ 22.052216728342536, -16.250257401844909 ], [ 22.049509994653288, -16.244621057081485 ], [ 22.04984893916993, -16.240786243537531 ], [ 22.044324119817837, -16.234806598299699 ], [ 22.041617469007157, -16.233905854096815 ], [ 22.03518741127963, -16.235372869197551 ], [ 22.030790747635983, -16.234017301696078 ], [ 22.028645902413473, -16.225108043713195 ], [ 22.028534466483325, -16.22183952689366 ], [ 22.028984758598774, -16.218004721596241 ], [ 22.017368836177774, -16.210673909640629 ], [ 22.011054707412082, -16.210335071448583 ], [ 22.004531063539613, -16.209532384144111 ], [ 22.002823213318191, -16.209322860395542 ], [ 22.000455473040887, -16.207855809829315 ], [ 21.999211380681022, -16.20593835599011 ], [ 22.001463227488923, -16.20307563060636 ], [ 22.004174374547262, -16.199624304605297 ], [ 22.00010324103982, -16.195459474289454 ], [ 21.999670683338945, -16.195013588697936 ], [ 21.999211380681022, -16.194549836621526 ], [ 21.999670683338945, -16.193537628640723 ], [ 22.000277082815973, -16.192199922800185 ], [ 22.000277082815973, -16.172811719291349 ], [ 22.000277082815973, -16.030584238890793 ], [ 22.000277082815973, -15.503447140213501 ], [ 22.000277082815973, -14.633971487205496 ], [ 22.000277082815973, -13.976053439924728 ], [ 22.000665065618374, -13.976115855867798 ], [ 22.009025832357135, -13.977431282680808 ], [ 22.052511007572225, -13.99761762244024 ], [ 22.126554367412115, -14.030641725423489 ], [ 22.200597720056503, -14.063665834578165 ], [ 22.273380303899312, -14.095523906491069 ], [ 22.346162906346226, -14.127381896127277 ], [ 22.418945456448313, -14.159240004916024 ], [ 22.491727974336811, -14.191098007955095 ], [ 22.539971025322131, -14.215524943261956 ], [ 22.558783958044661, -14.222628314777269 ], [ 22.570515883017489, -14.223948221506566 ], [ 22.579389433084604, -14.226993814704882 ], [ 22.587210774601669, -14.227644840158588 ], [ 22.599303795504003, -14.227252451137684 ], [ 22.610326745584494, -14.227546738757637 ], [ 22.621679589412597, -14.233664601183586 ], [ 22.633728049708655, -14.243884870589174 ], [ 22.640497016128016, -14.241459121243073 ], [ 22.654739362303889, -14.237637694510264 ], [ 22.663635255484348, -14.236915293029384 ], [ 22.692378657912787, -14.252896665611331 ], [ 22.709751292985214, -14.26652816529918 ], [ 22.727832943994002, -14.282215289041446 ], [ 22.739181354726011, -14.292105599472748 ], [ 22.746966986395936, -14.303043755417614 ], [ 22.755127068431229, -14.309179468580984 ], [ 22.77147421590767, -14.314258373263094 ], [ 22.782465901301489, -14.323814249807441 ], [ 22.791330586083713, -14.332692328039359 ], [ 22.798442822668324, -14.333352291766074 ], [ 22.805559552167843, -14.333325493107738 ], [ 22.819070608194796, -14.337048847347381 ], [ 22.830780250969042, -14.346265829923283 ], [ 22.844607869214784, -14.360954120287785 ], [ 22.863759759003422, -14.381461492004382 ], [ 22.866943504145215, -14.387623990135765 ], [ 22.87150518587212, -14.406129266492314 ], [ 22.874274257306094, -14.42978476118812 ], [ 22.872058109906909, -14.453805957978949 ], [ 22.865240174614613, -14.468922301577077 ], [ 22.861284939436455, -14.479231749112472 ], [ 22.866234571806075, -14.48916664183538 ], [ 22.876847225112169, -14.509379690682133 ], [ 22.881052123317009, -14.527902816419648 ], [ 22.893805153652337, -14.547085899892116 ], [ 22.934962643121168, -14.595721308017133 ], [ 22.949124796709597, -14.62178477469601 ], [ 22.96080763158184, -14.644423621936877 ], [ 22.982438717134251, -14.67631953921693 ], [ 22.993412529826841, -14.698632911756631 ], [ 23.006540188977869, -14.718186027913461 ], [ 23.019319959625957, -14.734314627731925 ], [ 23.029263710968259, -14.746661883627594 ], [ 23.034226723537422, -14.755593428794706 ], [ 23.037062703847344, -14.761087082337692 ], [ 23.042725726526548, -14.773108851764263 ], [ 23.042547394287887, -14.774598125743317 ], [ 23.05913966413064, -14.77100410933928 ], [ 23.064851790492959, -14.769612891162694 ], [ 23.082335929578846, -14.767847071236648 ], [ 23.099458852387933, -14.767115812986903 ], [ 23.111939910539558, -14.768119065689589 ], [ 23.127618125033379, -14.772551390536604 ], [ 23.151514434601847, -14.772488954776698 ], [ 23.185399111482059, -14.772065375054369 ], [ 23.225352656582796, -14.768181490211571 ], [ 23.269952588846408, -14.757069460914769 ], [ 23.287802398927646, -14.74739763738838 ], [ 23.306361172151256, -14.738412506573709 ], [ 23.31919002473424, -14.7421626158495 ], [ 23.340571437926474, -14.75071518760684 ], [ 23.371223290442909, -14.758210981174109 ], [ 23.415796408938522, -14.758451719743869 ], [ 23.442542125360539, -14.7546079691037 ], [ 23.462518854468378, -14.740802592129294 ], [ 23.468587694904009, -14.733222175097321 ], [ 23.477867153807736, -14.716344432721646 ], [ 23.488568930563186, -14.706003771991014 ], [ 23.509602504713719, -14.692541792059908 ], [ 23.528852481952473, -14.681148777979784 ], [ 23.549520421157052, -14.668034555460467 ], [ 23.582655985600567, -14.642858427182945 ], [ 23.600822377573699, -14.627345270522833 ], [ 23.633226661201792, -14.605954921725585 ], [ 23.655660395314335, -14.595591964450275 ], [ 23.674531336378024, -14.586267975249431 ], [ 23.676934743266553, -14.58350336166014 ], [ 23.680225562972872, -14.579722051702644 ], [ 23.69160966126482, -14.569042477186734 ], [ 23.701205672155524, -14.553208215419643 ], [ 23.711145003166791, -14.529129114052051 ], [ 23.724994930039554, -14.504697654820434 ], [ 23.739215027263494, -14.490236822188804 ], [ 23.741685423795499, -14.47648493707784 ], [ 23.744155718045324, -14.463085314313036 ], [ 23.750902301008001, -14.455852718796629 ], [ 23.761559580290776, -14.445177563686491 ], [ 23.765104544359403, -14.435893743668672 ], [ 23.775757359554202, -14.427283235597088 ], [ 23.7860802249016, -14.428973260629176 ], [ 23.797829912064913, -14.43203664853699 ], [ 23.807078118382275, -14.430640947758151 ], [ 23.818444327982977, -14.422369288128394 ], [ 23.835157068400154, -14.418895697239282 ], [ 23.867521238720428, -14.414347360731524 ], [ 23.887435546809719, -14.411208165443172 ], [ 23.914462159575915, -14.40770775855824 ], [ 23.935424381324967, -14.398727118152181 ], [ 23.95992266689532, -14.384582852212947 ], [ 23.977335491533548, -14.380074742173782 ], [ 23.994761657303588, -14.379004521638716 ], [ 24.016794051716481, -14.373109575243223 ], [ 24.034550234725536, -14.367223574406076 ], [ 24.045582050818552, -14.368913600857503 ], [ 24.055561527503937, -14.374384918752147 ], [ 24.072653250502682, -14.38086841571981 ], [ 24.085107527764645, -14.382210596167594 ], [ 24.102551528659387, -14.385947348258677 ], [ 24.111126349835782, -14.396577832772818 ], [ 24.11831893491944, -14.416483310485747 ], [ 24.121953015744975, -14.436058767438265 ], [ 24.125243867161824, -14.459415508440866 ], [ 24.133136496159125, -14.476235265041057 ], [ 24.143833903518019, -14.482397705958739 ], [ 24.158094084090958, -14.489237971608302 ], [ 24.165964361306177, -14.500216316049972 ], [ 24.173094471005243, -14.503293050470507 ], [ 24.18162476159706, -14.500523963100422 ], [ 24.192977634548544, -14.491561160397229 ], [ 24.212477307773167, -14.475356783731961 ], [ 24.233787286709429, -14.466367251747322 ], [ 24.262552990416665, -14.454956424129012 ], [ 24.297730828036066, -14.445587816371573 ], [ 24.329363643995844, -14.440357306989515 ], [ 24.375925650514773, -14.433708796708649 ], [ 24.398305880169492, -14.428152750893199 ], [ 24.416748728446734, -14.418824346346968 ], [ 24.449714831092809, -14.399841889807313 ], [ 24.48623481581453, -14.381876233849416 ], [ 24.519905544967976, -14.364606132240974 ], [ 24.541902278186488, -14.357328881202299 ], [ 24.580932832252429, -14.345886814050148 ], [ 24.60781669408717, -14.326569948614667 ], [ 24.621822738328742, -14.295958253666042 ], [ 24.652461250881174, -14.257400375306977 ], [ 24.66076849780092, -14.227836522359503 ], [ 24.656599313746153, -14.192823652553638 ], [ 24.657500001355174, -14.170844745898886 ], [ 24.655582560667302, -14.152312778124877 ], [ 24.63879404586471, -14.138971133679538 ], [ 24.636252399078653, -14.131774153983612 ], [ 24.638687038089927, -14.125584903313399 ], [ 24.643908637477939, -14.111494172805902 ], [ 24.641647907454772, -14.094683337985652 ], [ 24.635137642632003, -14.078915979614784 ], [ 24.63325587764631, -14.065195343119631 ], [ 24.635271380963843, -14.051117892047651 ], [ 24.640087197521929, -14.031199094519932 ], [ 24.640252193641377, -14.007521262513903 ], [ 24.638227746966368, -13.979000881757797 ], [ 24.641095022748225, -13.980071078110214 ], [ 24.644260915436817, -13.976633077367733 ], [ 24.644903042655425, -13.968740470271356 ], [ 24.643065905317275, -13.960856786580871 ], [ 24.644760337753642, -13.950904080256896 ], [ 24.645763620064802, -13.943350392497386 ], [ 24.654200308395904, -13.93474878237344 ], [ 24.665499635081972, -13.928537200654258 ], [ 24.678270477616998, -13.928497124428898 ], [ 24.687161942866673, -13.93155601232511 ], [ 24.696802493585622, -13.939069607716535 ], [ 24.706848911171889, -13.95242014016516 ], [ 24.712980155126889, -13.964406227969656 ], [ 24.721626373925961, -13.979816880037637 ], [ 24.731061837145521, -14.004836935332108 ], [ 24.739797212442969, -14.030200311196296 ], [ 24.743908474520605, -14.055242578953134 ], [ 24.748751038694753, -14.082340530026247 ], [ 24.753834388519365, -14.096056772133711 ], [ 24.765597557355914, -14.10185357198791 ], [ 24.77589802980534, -14.102509023297291 ], [ 24.797225983311783, -14.10587566261022 ], [ 24.818197107131738, -14.108555605582238 ], [ 24.835248716400461, -14.110218829323927 ], [ 24.850565742438302, -14.116006766686994 ], [ 24.866266213492789, -14.124884817610127 ], [ 24.88088312878233, -14.132046181665237 ], [ 24.901921218260739, -14.141936433732994 ], [ 24.924720567223925, -14.150448852647664 ], [ 24.954257685356332, -14.157904470851499 ], [ 24.980642136435563, -14.169150336522272 ], [ 24.997774030270232, -14.17905396720854 ], [ 25.005635408325087, -14.183838563420798 ], [ 25.017389566295769, -14.187575340745557 ], [ 25.03833400500444, -14.186817305495856 ], [ 25.052861766822929, -14.183678067196169 ], [ 25.070635711582291, -14.185680208954199 ], [ 25.078131482395232, -14.189430344990802 ], [ 25.089578012755009, -14.197978448114693 ], [ 25.096083855674692, -14.209291112231515 ], [ 25.0959768074847, -14.23471247960244 ], [ 25.093390537902003, -14.261177274329816 ], [ 25.087602598266198, -14.287650967651615 ], [ 25.079032255595735, -14.320322767630957 ], [ 25.073476181070127, -14.334431396145227 ], [ 25.07045291003644, -14.35299908631584 ], [ 25.068504257339111, -14.373283521574292 ], [ 25.061953883152128, -14.395302549522883 ], [ 25.049615491184898, -14.406686658073589 ], [ 25.035475674098212, -14.416015078475084 ], [ 25.013189133697058, -14.429151595203459 ], [ 24.997301356898973, -14.441922441870734 ], [ 24.986358718468637, -14.451237494262823 ], [ 24.978256555095694, -14.460204789773128 ], [ 24.976236573451889, -14.473961066657685 ], [ 24.975322485907338, -14.492189905116605 ], [ 24.977007996950039, -14.523474983014307 ], [ 24.982969768246967, -14.555785598795683 ], [ 24.999192046386504, -14.580845708010346 ], [ 25.016359556490812, -14.591106130510132 ], [ 25.045954591497917, -14.597549567368212 ], [ 25.071977942362679, -14.602623984354622 ], [ 25.09724762917093, -14.602882607276761 ], [ 25.127145882426333, -14.603127853601601 ], [ 25.16238620020038, -14.603694161114783 ], [ 25.187254556938925, -14.599136958729245 ], [ 25.205354063877394, -14.593915390198363 ], [ 25.220934229665442, -14.585603605286247 ], [ 25.236197684258091, -14.581764301342666 ], [ 25.257177793063448, -14.580658463127609 ], [ 25.275700846908791, -14.582308326702183 ], [ 25.293127024419814, -14.581559211247146 ], [ 25.317634214333808, -14.576993063150548 ], [ 25.346819072231096, -14.577916091186948 ], [ 25.369284023365701, -14.582990567659797 ], [ 25.386420346658291, -14.588426208486826 ], [ 25.408220900287365, -14.597629824122318 ], [ 25.430672487553796, -14.600635228536369 ], [ 25.448446485089182, -14.598842672959821 ], [ 25.462613034556504, -14.592938846574013 ], [ 25.482415848639562, -14.581849065582359 ], [ 25.511016533814384, -14.561783104688338 ], [ 25.532174989258401, -14.545186307794694 ], [ 25.532830459306638, -14.544811792490114 ], [ 25.543131011068319, -14.538948027300853 ], [ 25.556222916112212, -14.533044181879744 ], [ 25.573238835656053, -14.528157039088098 ], [ 25.58712447297783, -14.529129129610871 ], [ 25.616692799409652, -14.533128896774977 ], [ 25.664784183154318, -14.539447433088679 ], [ 25.713923473587819, -14.544035888734317 ], [ 25.761279098361467, -14.547937622508922 ], [ 25.811493044752766, -14.552851499711396 ], [ 25.87025067707204, -14.558403064487663 ], [ 25.910159572300909, -14.563700487605553 ], [ 25.955415009099085, -14.569996797074859 ], [ 26.000634731423794, -14.573189501510239 ], [ 26.049105145881764, -14.580145645115298 ], [ 26.080813892533822, -14.583748634467314 ], [ 26.132633062284718, -14.575878276906776 ], [ 26.165420829961253, -14.580154608990293 ], [ 26.186467772561368, -14.584497742699895 ], [ 26.198667935222211, -14.59198901245021 ], [ 26.202404605988811, -14.598503763306793 ], [ 26.203782464860666, -14.600898291857908 ], [ 26.203876112477321, -14.607430932959819 ], [ 26.20410351649992, -14.622908411914512 ], [ 26.208451192414991, -14.628379784390793 ], [ 26.219532070230816, -14.632094155396747 ], [ 26.232039807915186, -14.635799743268739 ], [ 26.251075746805125, -14.648062269833247 ], [ 26.271137164236034, -14.65721673645664 ], [ 26.286842163212778, -14.660556637379205 ], [ 26.300758994011769, -14.663218761000937 ], [ 26.309779760921895, -14.671414530829729 ], [ 26.318189650262287, -14.686490796621465 ], [ 26.326947342550067, -14.700875852702739 ], [ 26.332998317120648, -14.700835701117709 ], [ 26.34821719255681, -14.695230617277012 ], [ 26.367649951713222, -14.686156354640687 ], [ 26.37218042293085, -14.679935898348035 ], [ 26.373165876171953, -14.674428933515268 ], [ 26.373411135486428, -14.667205127510861 ], [ 26.371850496493547, -14.658273576343003 ], [ 26.373718812639424, -14.641065928577552 ], [ 26.379555776340656, -14.627273915417421 ], [ 26.384304699940941, -14.61245629299348 ], [ 26.39223743434987, -14.59624302252181 ], [ 26.398449043575464, -14.584167780662355 ], [ 26.410354765785971, -14.572047920345122 ], [ 26.418746795756132, -14.563053979545849 ], [ 26.425680718634322, -14.551660932353824 ], [ 26.437965598229571, -14.541605638559149 ], [ 26.451753052745065, -14.536352838004339 ], [ 26.465589665776832, -14.534537974016368 ], [ 26.480871051101879, -14.534087573510197 ], [ 26.49146139439755, -14.529200420549623 ], [ 26.506876469769992, -14.514993772542789 ], [ 26.513422422296429, -14.502231790549553 ], [ 26.520534732623741, -14.480524887690219 ], [ 26.534059157378753, -14.460146840208735 ], [ 26.555815169562617, -14.443148675174779 ], [ 26.572407464378536, -14.436495704381233 ], [ 26.590506900278235, -14.434988546939133 ], [ 26.602323595886759, -14.440058558308912 ], [ 26.613743331855197, -14.443064021688379 ], [ 26.621167705665304, -14.440602570517093 ], [ 26.626402662552433, -14.435064369321537 ], [ 26.641929305143798, -14.428415869568925 ], [ 26.657170519004097, -14.426239796679319 ], [ 26.666819959460081, -14.429258632730447 ], [ 26.675042621237253, -14.432286301628302 ], [ 26.684370987811693, -14.437369735894553 ], [ 26.692923552831669, -14.438676201231068 ], [ 26.700325707424078, -14.435184769423122 ], [ 26.711286197876426, -14.432005441567076 ], [ 26.731552756579877, -14.432531607457546 ], [ 26.74714619991698, -14.429998847974092 ], [ 26.775769218593169, -14.420835360064375 ], [ 26.794029242237862, -14.408661984419703 ], [ 26.803509293354512, -14.402396959094578 ], [ 26.819816241886745, -14.400198675763814 ], [ 26.828074474972873, -14.404943131853546 ], [ 26.83555236022071, -14.405910785273736 ], [ 26.845433729702023, -14.402049216379227 ], [ 26.865593350609451, -14.397068342247941 ], [ 26.880214750702113, -14.400033638465592 ], [ 26.8931104315642, -14.405763587789421 ], [ 26.907401896452001, -14.410106756497386 ], [ 26.920600809989331, -14.412742085871511 ], [ 26.928395346047811, -14.41164512862593 ], [ 26.949700899478742, -14.410771209222359 ], [ 26.973347519430394, -14.402312281560278 ], [ 26.98525777785461, -14.393273672383843 ], [ 26.98864222336649, -14.384310897537407 ], [ 26.989030165978267, -14.367129969360583 ], [ 26.986555369120708, -14.348945757237665 ], [ 26.98437040624254, -14.327323558709379 ], [ 26.987866336004945, -14.305652339071122 ], [ 26.988138319076231, -14.282634472633353 ], [ 26.986506325597773, -14.252762894571832 ], [ 26.987108320590046, -14.239929630542148 ], [ 26.987768249560943, -14.225963755555465 ], [ 26.991843918725138, -14.216309735056972 ], [ 26.998010851623484, -14.204573454934868 ], [ 27.000641706489176, -14.193902825932387 ], [ 26.998991846103621, -14.181898899859087 ], [ 26.992615300442644, -14.164093664155297 ], [ 26.982702723173951, -14.147010925037028 ], [ 26.970065595138461, -14.135787316178449 ], [ 26.958164274762677, -14.125928243107067 ], [ 26.941857369241781, -14.108212263075659 ], [ 26.923445748407062, -14.091539654848887 ], [ 26.901105635015615, -14.07352487919092 ], [ 26.880776605095754, -14.049311982834743 ], [ 26.871934148478449, -14.031867972121415 ], [ 26.873334342091347, -14.012283587091765 ], [ 26.882328347299829, -14.000533863097528 ], [ 26.896931897903727, -13.985301560291285 ], [ 26.906612593748818, -13.972512877268617 ], [ 26.911446308313675, -13.965601303136205 ], [ 26.916556391282491, -13.954912855457177 ], [ 26.917006823193766, -13.941517642935327 ], [ 26.924341999937578, -13.9177595942131 ], [ 26.932747443425797, -13.89434035202629 ], [ 26.94330211702902, -13.872272316128049 ], [ 26.954539028921861, -13.849169689403174 ], [ 26.962137384735136, -13.82129136937238 ], [ 26.958561166876404, -13.802094943097233 ], [ 26.940118286376595, -13.783366728872183 ], [ 26.928123286475998, -13.768018537168963 ], [ 26.913992424568612, -13.752344763829123 ], [ 26.902086627142165, -13.741455663947676 ], [ 26.883407469699183, -13.728221073225948 ], [ 26.861183270959412, -13.715013170436217 ], [ 26.85144903373574, -13.706416002077107 ], [ 26.909702754730947, -13.697100936479785 ], [ 26.942334430883204, -13.699571333398062 ], [ 26.990903041208959, -13.701898924479854 ], [ 27.046485741649896, -13.70106508143639 ], [ 27.116966240249823, -13.70111415448695 ], [ 27.189596074660532, -13.702148646696529 ], [ 27.243056261071658, -13.701292504206828 ], [ 27.311418702147968, -13.701644764765339 ], [ 27.341192144645607, -13.702714945181643 ], [ 27.348763722632476, -13.708819509738644 ], [ 27.353236217345238, -13.719075396473881 ], [ 27.353967501556294, -13.736234013490439 ], [ 27.353958535354661, -13.752023695427308 ], [ 27.360678405223535, -13.767750968445931 ], [ 27.367812973476951, -13.786216071999245 ], [ 27.373404718189079, -13.798862087939206 ], [ 27.380731035487049, -13.809773529200248 ], [ 27.387067380892272, -13.824127384995073 ], [ 27.389939019306372, -13.841950399346482 ], [ 27.391847564831384, -13.864589242940189 ], [ 27.396467172308345, -13.881364414697558 ], [ 27.41250205802584, -13.901452670788782 ], [ 27.41923534540129, -13.901381316114561 ], [ 27.434043997347619, -13.897791769511784 ], [ 27.458858888552339, -13.881730023538472 ], [ 27.485747318086737, -13.863585922684193 ], [ 27.498335301493903, -13.855894002249611 ], [ 27.502357391199933, -13.845553400924569 ], [ 27.497809194631731, -13.832211741082107 ], [ 27.489885343096709, -13.810669781709931 ], [ 27.491713525740646, -13.797261307027165 ], [ 27.496560581060024, -13.792057537230232 ], [ 27.503235857049024, -13.789582754161815 ], [ 27.510695980690283, -13.790532541420511 ], [ 27.521424530924293, -13.794875680061864 ], [ 27.548486877648415, -13.800757226863187 ], [ 27.558956793713378, -13.793769784695987 ], [ 27.561556471406274, -13.783442518960152 ], [ 27.567781402467869, -13.761057889420051 ], [ 27.577974868301336, -13.742062123009955 ], [ 27.58869454292881, -13.730611089539391 ], [ 27.591307606004531, -13.720970567548566 ], [ 27.596587175115133, -13.70408841863998 ], [ 27.60184886706886, -13.70196581386236 ], [ 27.614526099186463, -13.698733033947221 ], [ 27.623176753974207, -13.690051108040869 ], [ 27.623702963325172, -13.682149589593992 ], [ 27.620657429146171, -13.672914808023629 ], [ 27.623176753974207, -13.659497373256757 ], [ 27.629736134984636, -13.652211211936578 ], [ 27.64993134711667, -13.63755858917145 ], [ 27.660931974412694, -13.638459322962859 ], [ 27.67314988128873, -13.646213679022599 ], [ 27.690090068982382, -13.658717009329642 ], [ 27.706673417691984, -13.671224838309795 ], [ 27.733316582477094, -13.689788065641094 ], [ 27.759866094650921, -13.689119199295503 ], [ 27.79112433766123, -13.678096250032478 ], [ 27.8074268073821, -13.678582288466668 ], [ 27.824148467477158, -13.681806235669827 ], [ 27.838832304210076, -13.688486014113845 ], [ 27.859593864611856, -13.697493403806833 ], [ 27.876047953540464, -13.704150828851798 ], [ 27.887601434084033, -13.713269695312347 ], [ 27.898860665410627, -13.724796453958618 ], [ 27.912362896774503, -13.741098912504446 ], [ 27.922904199817108, -13.751943486355776 ], [ 27.929855889125829, -13.761120279833003 ], [ 27.931951676730833, -13.774479750258193 ], [ 27.929713225232142, -13.784463714270963 ], [ 27.922921988795352, -13.796565671982052 ], [ 27.91542623961384, -13.809019922114892 ], [ 27.91121244241932, -13.825206497872289 ], [ 27.905023160002646, -13.847938981671549 ], [ 27.89928881940828, -13.860027607180077 ], [ 27.896006875569007, -13.871054981553176 ], [ 27.89665792269906, -13.883402232274547 ], [ 27.898664513498286, -13.893328137451853 ], [ 27.904189317848513, -13.901836148459187 ], [ 27.910797726364919, -13.911360744479564 ], [ 27.922623241093913, -13.916698310109497 ], [ 27.940325912674215, -13.915775299356683 ], [ 27.963504330753683, -13.906544972801308 ], [ 27.978879251262246, -13.897417173709172 ], [ 27.993696872482442, -13.894469699743365 ], [ 28.01572036726785, -13.896231065831214 ], [ 28.033431946632344, -13.89564245632058 ], [ 28.058514339078652, -13.892208969378839 ], [ 28.086744924330212, -13.887009632031214 ], [ 28.106868859851623, -13.883638574731851 ], [ 28.131353799960284, -13.884659707475004 ], [ 28.152864500511789, -13.880236210399236 ], [ 28.180488575326418, -13.865079765908009 ], [ 28.201232321821706, -13.85825733906624 ], [ 28.22564594015245, -13.856522752808038 ], [ 28.249809829151864, -13.858908385064415 ], [ 28.27474958248002, -13.864022923272799 ], [ 28.304567507340675, -13.865628231729806 ], [ 28.340583708514693, -13.860268379508526 ], [ 28.361581577085083, -13.863376413694942 ], [ 28.374089436410326, -13.867295968481717 ], [ 28.392612518768196, -13.870778475051209 ], [ 28.421101663215413, -13.875812792536911 ], [ 28.445234341202493, -13.876798253862848 ], [ 28.469857540890771, -13.869534399265259 ], [ 28.503300809589454, -13.860754426575525 ], [ 28.52883357711961, -13.85633543549414 ], [ 28.534001668851797, -13.855443656262196 ], [ 28.562646935401943, -13.852906422360142 ], [ 28.602645059748998, -13.850850797299612 ], [ 28.63068387834004, -13.852085938342931 ], [ 28.655485462009942, -13.851653427264619 ], [ 28.656020488316436, -13.850556444965026 ], [ 28.660185283912394, -13.841968261905732 ], [ 28.661585511176185, -13.828225325155859 ], [ 28.662878654586866, -13.797675997560431 ], [ 28.664113757514667, -13.765066571195543 ], [ 28.665603131134851, -13.74171431064822 ], [ 28.670976385555416, -13.717951693822094 ], [ 28.682850968475087, -13.698880127721036 ], [ 28.700335075284507, -13.677645916630459 ], [ 28.723946010047776, -13.660420371244511 ], [ 28.746540235740657, -13.64492501671398 ], [ 28.773959291004466, -13.62487688190761 ], [ 28.796437653599988, -13.605604697317904 ], [ 28.816512493864483, -13.589114902081517 ], [ 28.853251015374568, -13.5609958681487 ], [ 28.879711351188266, -13.545067939505074 ], [ 28.907313154431382, -13.532198929767505 ], [ 28.941037383991251, -13.510634706854754 ], [ 28.965700651272076, -13.494381301183324 ], [ 28.999536245184331, -13.464911105931604 ], [ 29.03755907928856, -13.433634954134739 ], [ 29.059658322992149, -13.415272378188394 ], [ 29.079327480885318, -13.383862465458078 ], [ 29.080125588560506, -13.382587174491613 ], [ 29.087340412768526, -13.377485951435764 ], [ 29.10998375387652, -13.369290190015203 ], [ 29.121506047850914, -13.369789606519932 ], [ 29.133090822797421, -13.374195169611401 ], [ 29.142847317524989, -13.381160313356443 ], [ 29.16035379661605, -13.40133327571009 ], [ 29.170003223947646, -13.415660325848702 ], [ 29.176366400862598, -13.430040963503368 ], [ 29.179621516650659, -13.441483018025208 ], [ 29.182702785066059, -13.443043652688212 ], [ 29.190639986796896, -13.439917888381167 ], [ 29.211374841057829, -13.416797434993722 ], [ 29.233518653722026, -13.406764427529881 ], [ 29.248073187518887, -13.392945694206201 ], [ 29.281213228968152, -13.380647487528789 ], [ 29.291054474766106, -13.379327602996861 ], [ 29.299205730880683, -13.375278706430878 ], [ 29.306594471209429, -13.368251191460901 ], [ 29.309524036721058, -13.361299429128129 ], [ 29.311490579016933, -13.34033717048527 ], [ 29.316034318953179, -13.331980859318454 ], [ 29.329077240203116, -13.338651664949241 ], [ 29.335529590783249, -13.344747228207432 ], [ 29.342878143217064, -13.348301179129958 ], [ 29.348750748700088, -13.348198589898562 ], [ 29.35477950615503, -13.343953558721788 ], [ 29.35834232877642, -13.333314089276142 ], [ 29.365262876314951, -13.326522948572812 ], [ 29.373467612453172, -13.325457206804192 ], [ 29.385253015572168, -13.327780394640904 ], [ 29.399401704276869, -13.322928872700304 ], [ 29.400235568269046, -13.322643522185551 ], [ 29.409291995223715, -13.319535474551353 ], [ 29.441839005798244, -13.313899199793637 ], [ 29.446944615983394, -13.310586084917063 ], [ 29.451515232408013, -13.304066874751541 ], [ 29.471563304224517, -13.283470267538723 ], [ 29.475857459781587, -13.274422787256315 ], [ 29.490826690256188, -13.271163144947369 ], [ 29.495187636129554, -13.265794410993044 ], [ 29.497827420401887, -13.256318825994557 ], [ 29.503276436622471, -13.246330452340702 ], [ 29.51605178356186, -13.238968470982721 ], [ 29.528046767948553, -13.227713679848915 ], [ 29.537393068848655, -13.225243320983273 ], [ 29.560446614285418, -13.22757989477773 ], [ 29.56719321571746, -13.224240056000616 ], [ 29.576410186714078, -13.215103347803767 ], [ 29.580606197517497, -13.213413352712527 ], [ 29.589060656204772, -13.213716605536982 ], [ 29.608337370037258, -13.226933379899814 ], [ 29.61995333471501, -13.23293087080857 ], [ 29.635087466321206, -13.238402178597168 ], [ 29.643096019150967, -13.239632846928686 ], [ 29.655206940701117, -13.234348805672223 ], [ 29.665168571041839, -13.227490714051793 ], [ 29.670314405782168, -13.226478557274959 ], [ 29.675081139929251, -13.230068140079844 ], [ 29.677787878676014, -13.236457959876279 ], [ 29.673788001180821, -13.248033801463563 ], [ 29.676245016552084, -13.253736988654556 ], [ 29.68127932428208, -13.258931865013395 ], [ 29.682327253833041, -13.264661820930858 ], [ 29.680757655079447, -13.26837179512367 ], [ 29.675442371486398, -13.272839817888197 ], [ 29.660339433806577, -13.281169418772935 ], [ 29.653673027567098, -13.28865622288119 ], [ 29.65408329879341, -13.297619044440021 ], [ 29.66325564450505, -13.310327472738773 ], [ 29.6627428385661, -13.320226665864318 ], [ 29.658185680323772, -13.339396302976322 ], [ 29.652290740773442, -13.350316664373388 ], [ 29.646043534349442, -13.35526180648711 ], [ 29.609024085817712, -13.360318408983122 ], [ 29.60461848644329, -13.363386331667339 ], [ 29.604979632382005, -13.36982081421748 ], [ 29.612163265187917, -13.376817096121485 ], [ 29.614147549525065, -13.382301792841252 ], [ 29.608025233449563, -13.393913333262331 ], [ 29.608176835149138, -13.40173010001898 ], [ 29.610660550471852, -13.408815650279578 ], [ 29.623752473724597, -13.417310207847724 ], [ 29.646462670222842, -13.437358354961013 ], [ 29.654471198528597, -13.438357184134661 ], [ 29.667696908083215, -13.429835855468493 ], [ 29.673796930398815, -13.429260610571632 ], [ 29.679700785018671, -13.430758836702667 ], [ 29.701487943365489, -13.45127961147195 ], [ 29.712381582712545, -13.455676352209013 ], [ 29.722231701628704, -13.454570454166157 ], [ 29.739064857697301, -13.450115818751764 ], [ 29.764655627693639, -13.437211143525861 ], [ 29.77687356681021, -13.436979268327583 ], [ 29.784908842983555, -13.439355985667149 ], [ 29.808961188605331, -13.455141195035948 ], [ 29.801501167156417, -13.464153045735687 ], [ 29.798910411548889, -13.472545083754751 ], [ 29.79442013101097, -13.487054994009368 ], [ 29.793885015214308, -13.492553052333554 ], [ 29.796105670467384, -13.506545737198531 ], [ 29.804885567518969, -13.515236544209106 ], [ 29.822494563940275, -13.523013205167857 ], [ 29.833406040801549, -13.531989343002117 ], [ 29.84140122132796, -13.549259436938947 ], [ 29.852392878963837, -13.560625696692593 ], [ 29.861110405257612, -13.578216911259291 ], [ 29.869604993269661, -13.588963330026347 ], [ 29.888056773774249, -13.600815560813588 ], [ 29.899253542804704, -13.607370467019143 ], [ 29.904894347380122, -13.617501524985393 ], [ 29.905081637636766, -13.623316240507242 ], [ 29.916314083725851, -13.630901187294036 ], [ 29.932656671075431, -13.643141426836007 ], [ 29.952958987605044, -13.668281804905083 ], [ 29.960200556294005, -13.683839603774432 ], [ 29.967049774194365, -13.709336714467032 ], [ 29.9706036268412, -13.731494013358926 ], [ 29.973127455148333, -13.74375209597569 ], [ 29.985934043508028, -13.756072614406259 ], [ 29.997969166786554, -13.766355226021197 ], [ 30.006601920432406, -13.781177306262869 ], [ 30.013000787323765, -13.792641645947732 ], [ 30.022989135240888, -13.805372437643786 ], [ 30.029512796073551, -13.820591313331478 ], [ 30.033766819736659, -13.831422460414599 ], [ 30.042858956754063, -13.838356330597614 ], [ 30.052615425780829, -13.854850583849363 ], [ 30.059009820454463, -13.876909754453729 ], [ 30.066273665538894, -13.893127480111069 ], [ 30.073042586584346, -13.904908426759805 ], [ 30.078991039413957, -13.91329602167554 ], [ 30.103257423752858, -13.938057453176507 ], [ 30.10851475513148, -13.937424239105029 ], [ 30.12982918016246, -13.938177797896955 ], [ 30.158563699546313, -13.938030633713188 ], [ 30.202289637379064, -13.940514347041642 ], [ 30.278700782537786, -13.944045966780454 ], [ 30.345712129695787, -13.942347062737214 ], [ 30.43665996830746, -13.945325749017911 ], [ 30.520763048264826, -13.945026986512234 ], [ 30.602761458300236, -13.945414932250149 ], [ 30.672693524980783, -13.945807299810301 ], [ 30.744360196577546, -13.944723803549758 ], [ 30.823785757582126, -13.942298032347647 ], [ 30.870231781060632, -13.940648162709445 ], [ 30.878583595333001, -13.935912614134407 ], [ 30.901048594895784, -13.908823576675548 ], [ 30.913056914611172, -13.897127291310591 ], [ 30.918376655896189, -13.887031946658979 ], [ 30.924004053484303, -13.875567554521487 ], [ 30.941461415543287, -13.867425282808412 ], [ 30.954990370080068, -13.858738882573293 ], [ 30.956408333303536, -13.848786194530033 ], [ 30.962218509413677, -13.822629112034862 ], [ 30.970347475020251, -13.811748913299052 ], [ 30.982873068409727, -13.804806129708394 ], [ 30.998551322905531, -13.796721745989183 ], [ 31.007433832886072, -13.787174793551415 ], [ 31.009699030231147, -13.786777959621569 ], [ 31.024712874564155, -13.784151534734816 ], [ 31.040694259453019, -13.784584079526899 ], [ 31.050004843085897, -13.77707049172624 ], [ 31.053567712976637, -13.767719785227474 ], [ 31.056938739868031, -13.752911091213042 ], [ 31.060880581964799, -13.744229219537983 ], [ 31.0741999294702, -13.739636334128999 ], [ 31.093690688406831, -13.729349179437225 ], [ 31.100811894983963, -13.720203600080501 ], [ 31.100731625383947, -13.708253214505431 ], [ 31.096178817305251, -13.690323144651746 ], [ 31.097761787445915, -13.675238010448981 ], [ 31.09968374374014, -13.659796136912277 ], [ 31.10347396451813, -13.647016336449106 ], [ 31.110907247459899, -13.636831758008071 ], [ 31.137207032593096, -13.618767934281692 ], [ 31.158031011013055, -13.606367191184837 ], [ 31.18479014548064, -13.591348907763971 ], [ 31.210532509100695, -13.587295598897891 ], [ 31.22298227074732, -13.578618219940113 ], [ 31.233215915645282, -13.558070640152421 ], [ 31.244604456411732, -13.539868597405363 ], [ 31.263310417759211, -13.527873622522844 ], [ 31.28165964250363, -13.525456760084086 ], [ 31.296972190125373, -13.517684545705144 ], [ 31.306371917293934, -13.503312881771008 ], [ 31.316511991614757, -13.489931099305201 ], [ 31.337322608026057, -13.477499121812867 ], [ 31.351422289742306, -13.475238393388702 ], [ 31.360081794426801, -13.46977152681697 ], [ 31.367158434109449, -13.459925820470403 ], [ 31.384468616138385, -13.45821352540292 ], [ 31.396686581288133, -13.462512157875903 ], [ 31.408949134146329, -13.458605940555817 ], [ 31.414028032971423, -13.452251712999084 ], [ 31.416895204108531, -13.443596586218193 ], [ 31.421898325431052, -13.435195707411294 ], [ 31.433813103504043, -13.427227286277862 ], [ 31.437117218078939, -13.425020006966315 ], [ 31.452554669640691, -13.420641200312364 ], [ 31.469369898686931, -13.424743512735335 ], [ 31.492601835633199, -13.429608440288819 ], [ 31.512886296511603, -13.431512434355712 ], [ 31.530522085707279, -13.429082201176669 ], [ 31.54254827684829, -13.418969018516764 ], [ 31.54632957980791, -13.415789664016685 ], [ 31.55922526119102, -13.400566271159571 ], [ 31.569454487069482, -13.389895661246291 ], [ 31.582421487014539, -13.385940453951841 ], [ 31.602536526456809, -13.383394270116645 ], [ 31.621889025661108, -13.379505967395213 ], [ 31.626267880922899, -13.373517404168329 ], [ 31.630856253088098, -13.363756378293553 ], [ 31.635449139691843, -13.353999879613399 ], [ 31.642374109061596, -13.340381833517453 ], [ 31.651154087015456, -13.32907797595367 ], [ 31.659189444737862, -13.316779769500837 ], [ 31.658944132629397, -13.310296233618155 ], [ 31.659465909710715, -13.296263444194954 ], [ 31.662979662308867, -13.276973392949682 ], [ 31.663675281696346, -13.258142588055929 ], [ 31.671340473101008, -13.236284114884157 ], [ 31.680602033791352, -13.228373632274824 ], [ 31.70381162834293, -13.214398785993062 ], [ 31.718089635919803, -13.198747363123768 ], [ 31.731631935226574, -13.173205658039254 ], [ 31.734797935704016, -13.15426342147337 ], [ 31.737825667295297, -13.131905435937648 ], [ 31.745258946473125, -13.113458188691309 ], [ 31.75844897281565, -13.106394966515237 ], [ 31.775456037207597, -13.106345895935046 ], [ 31.7927885404759, -13.105601209982844 ], [ 31.814441909942673, -13.097481158709176 ], [ 31.82764531327776, -13.090752400621421 ], [ 31.8452319767277, -13.078356104194206 ], [ 31.863835356200983, -13.06488069042515 ], [ 31.88278213207078, -13.051048552818093 ], [ 31.897399080014083, -13.035352533050586 ], [ 31.902286248515509, -13.024530288164135 ], [ 31.905041904131735, -13.004562427242744 ], [ 31.902981854868433, -12.988228721985536 ], [ 31.897127023999595, -12.965554258079772 ], [ 31.903057658413168, -12.954339548273756 ], [ 31.913670335596482, -12.944971019765692 ], [ 31.926467954781117, -12.937216606025128 ], [ 31.939608865627687, -12.929105564359686 ], [ 31.955144416991391, -12.918827325635752 ], [ 31.969574039158662, -12.907572511783552 ], [ 31.980806515646737, -12.896112648161205 ], [ 31.991642123538981, -12.883645000814727 ], [ 31.997867054313115, -12.871868499281545 ], [ 32.000538069953599, -12.866807468441527 ], [ 32.007538808983632, -12.855878213031444 ], [ 32.023279485144776, -12.833252733252012 ], [ 32.034730458949241, -12.818350361608211 ], [ 32.047501279035366, -12.792420742693942 ], [ 32.049944927484184, -12.782717688985173 ], [ 32.059179653754256, -12.76585338885568 ], [ 32.073274928470468, -12.746371578262176 ], [ 32.091615153488128, -12.727028030509169 ], [ 32.092038764894035, -12.702333518888514 ], [ 32.085827278701707, -12.688902684734083 ], [ 32.080213256345452, -12.663789057281443 ], [ 32.085733657702129, -12.651539869890421 ], [ 32.096150058502538, -12.637689922383355 ], [ 32.103806386122493, -12.625681514345608 ], [ 32.109300018222697, -12.612741210210771 ], [ 32.111979910844141, -12.600273567041461 ], [ 32.113348864707604, -12.581688064814882 ], [ 32.115052233018481, -12.553818645938708 ], [ 32.118227073502219, -12.536174049291679 ], [ 32.120866882127878, -12.514088082849685 ], [ 32.127827549352261, -12.493866073811031 ], [ 32.134939832900798, -12.477407484646243 ], [ 32.131894244463552, -12.463468355955099 ], [ 32.126752880593472, -12.458897807775491 ], [ 32.123930286097568, -12.450438887892821 ], [ 32.124135399594202, -12.438069293060977 ], [ 32.128955671400838, -12.426172432640914 ], [ 32.138689924273159, -12.413365879225687 ], [ 32.154943317736489, -12.404033021829408 ], [ 32.171401880302163, -12.391257664676177 ], [ 32.174313657545213, -12.376007561869358 ], [ 32.172802041234348, -12.365082748691238 ], [ 32.174358264288962, -12.351268487378674 ], [ 32.179682443323344, -12.343121666444285 ], [ 32.196109766373141, -12.329650720787654 ], [ 32.211944067953567, -12.318953375223872 ], [ 32.234190464468256, -12.300733448959866 ], [ 32.254822760408821, -12.277773545947497 ], [ 32.26985438536574, -12.256445669624302 ], [ 32.273015907750477, -12.248477273490984 ], [ 32.278179508454215, -12.235425455389352 ], [ 32.279735756392157, -12.21334397989496 ], [ 32.27741258178763, -12.200038025246364 ], [ 32.274523079924947, -12.181599662715479 ], [ 32.275058117891575, -12.160588404531198 ], [ 32.278830565402849, -12.140798920440844 ], [ 32.287521326850879, -12.128692404615121 ], [ 32.299132819769042, -12.11885566240406 ], [ 32.309999621533763, -12.108020037587558 ], [ 32.319461900461683, -12.097590234542949 ], [ 32.328223977507214, -12.087196085551119 ], [ 32.337570299293148, -12.074014934419868 ], [ 32.342889966332407, -12.065845843495003 ], [ 32.3523923688808, -12.064704327107401 ], [ 32.363923608099128, -12.061404568463319 ], [ 32.369091686814727, -12.049793078572474 ], [ 32.367348185612769, -12.033691256948725 ], [ 32.364017245295329, -12.021798837134673 ], [ 32.36405286718842, -12.014218366688873 ], [ 32.367201033691003, -12.005112918399655 ], [ 32.373796039451165, -11.993777896742548 ], [ 32.388890066103876, -11.974452103912656 ], [ 32.400835985578745, -11.955964717630751 ], [ 32.41095817563702, -11.92791253091352 ], [ 32.419310048174118, -11.908207726944614 ], [ 32.420625543232141, -11.89746131288473 ], [ 32.428665233610012, -11.878799948956486 ], [ 32.436736276377076, -11.860825341232886 ], [ 32.448659908245503, -11.841972240746671 ], [ 32.46446288523061, -11.831207973505947 ], [ 32.487012611546383, -11.821143778179357 ], [ 32.497362213945664, -11.815119564043799 ], [ 32.508826500567039, -11.802139079919204 ], [ 32.522970791578253, -11.777640754760096 ], [ 32.533810835710689, -11.750195046338076 ], [ 32.54410693246637, -11.734846767848616 ], [ 32.563325685604333, -11.721469455435596 ], [ 32.588729140424761, -11.703985383498773 ], [ 32.600648305743832, -11.677150464575657 ], [ 32.595685353146195, -11.668767393512811 ], [ 32.581046144384217, -11.657405612723238 ], [ 32.568092409438755, -11.65217505865898 ], [ 32.556552242394822, -11.638931540021817 ], [ 32.54778126697046, -11.62416296846005 ], [ 32.533186561619026, -11.613822348270386 ], [ 32.514507447798231, -11.598839766459109 ], [ 32.507867845768679, -11.584303105498226 ], [ 32.498329773141563, -11.560228366726944 ], [ 32.487596746476726, -11.541040905710199 ], [ 32.472738978917661, -11.516515812731917 ], [ 32.458706219066997, -11.502665895309431 ], [ 32.444156145189929, -11.501292448441228 ], [ 32.427519287009908, -11.500708294520503 ], [ 32.411256937379129, -11.500445202219314 ], [ 32.396483936916404, -11.493885919798988 ], [ 32.377702168170416, -11.476437459667176 ], [ 32.354809189583833, -11.461949803925066 ], [ 32.334163524052826, -11.458418202673583 ], [ 32.315198966705715, -11.461035695207222 ], [ 32.30043934476268, -11.462761389931758 ], [ 32.27125005667984, -11.465847103696277 ], [ 32.258443515391868, -11.463671000362766 ], [ 32.254336694872457, -11.458667920946652 ], [ 32.251201969052985, -11.451542262265074 ], [ 32.248423931938405, -11.436439264784406 ], [ 32.248009245537389, -11.418803512042366 ], [ 32.248758380414003, -11.403535560133061 ], [ 32.250176399153354, -11.387540797919259 ], [ 32.252664529435179, -11.371844788167968 ], [ 32.254573063560571, -11.358940130495146 ], [ 32.262537023085379, -11.339177368481749 ], [ 32.273564366170156, -11.308868856100341 ], [ 32.274072669851719, -11.298858161503565 ], [ 32.274701426213262, -11.28663578220319 ], [ 32.273122865156722, -11.274921716079572 ], [ 32.273234408803852, -11.261397274553012 ], [ 32.272543251671785, -11.245830534068922 ], [ 32.271905569353137, -11.231293861079596 ], [ 32.27522755034105, -11.218656770414023 ], [ 32.285505832588363, -11.20361621908677 ], [ 32.292814261689166, -11.185235821849778 ], [ 32.295333666628956, -11.162570248381735 ], [ 32.295922240162064, -11.136167918178321 ], [ 32.304242986784239, -11.109056584965302 ], [ 32.319765073174381, -11.093057303129676 ], [ 32.338185620810627, -11.07865444152319 ], [ 32.37074602373891, -11.048992461680577 ], [ 32.386522261004146, -11.030875131708727 ], [ 32.38930031197075, -11.022059494240331 ], [ 32.387275863624872, -11.016249249903145 ], [ 32.379775643609037, -11.006528472047545 ], [ 32.369011368463141, -10.994876839231431 ], [ 32.35357847702825, -10.973709470972661 ], [ 32.349761473492102, -10.959636509042667 ], [ 32.350002299342179, -10.941550430785815 ], [ 32.356124625856097, -10.928743861272778 ], [ 32.365698291315809, -10.906381516527393 ], [ 32.368864218868012, -10.890582868541605 ], [ 32.375673260865952, -10.877388440265539 ], [ 32.38358819034255, -10.865188316070558 ], [ 32.396417036763097, -10.85239961897129 ], [ 32.403047723956682, -10.843035476775061 ], [ 32.405897072779069, -10.828284794722002 ], [ 32.404314072329242, -10.816873951284361 ], [ 32.394664652552478, -10.806542238259048 ], [ 32.376881757419802, -10.795898341304827 ], [ 32.358055424555126, -10.785646839291408 ], [ 32.340655951496117, -10.775671880637832 ], [ 32.332941738765889, -10.769067944464918 ], [ 32.324955463176011, -10.756560183379435 ], [ 32.320059422346901, -10.742161716358268 ], [ 32.31655010076075, -10.727344096027403 ], [ 32.30851475194963, -10.698453650220635 ], [ 32.308942870571627, -10.677174760080913 ], [ 32.320215462541441, -10.653991896427749 ], [ 32.335505681360004, -10.633747599180783 ], [ 32.351973159435381, -10.608562559624625 ], [ 32.380663028489224, -10.580693198779619 ], [ 32.412652645587038, -10.555441343493825 ], [ 32.443500663966645, -10.536160145801448 ], [ 32.469590865209064, -10.513258212332003 ], [ 32.499685377114638, -10.500273358918648 ], [ 32.521954080208182, -10.493598057147999 ], [ 32.54117287808225, -10.486775614468932 ], [ 32.557354933373404, -10.481027843019023 ], [ 32.592086826139422, -10.469180013159209 ], [ 32.615403506430567, -10.45474142466454 ], [ 32.639656578186113, -10.437805777864817 ], [ 32.679017016926686, -10.412058964592713 ], [ 32.696411967570107, -10.399288057172376 ], [ 32.727549847399587, -10.378825231985454 ], [ 32.770062981876535, -10.352512106987069 ], [ 32.799537608140263, -10.341538259484761 ], [ 32.821017111612306, -10.325730742611835 ], [ 32.836815740077704, -10.323853425760035 ], [ 32.86678528601459, -10.322974977706572 ], [ 32.889758616729416, -10.323510073605551 ], [ 32.904928425825439, -10.330403855507816 ], [ 32.935468813243425, -10.341368809410334 ], [ 32.953733318843582, -10.339339934570981 ], [ 32.978561634588687, -10.334158426805454 ], [ 33.002328631645057, -10.33637017435519 ], [ 33.013819696586914, -10.340294137606254 ], [ 33.025569465200469, -10.349448682562739 ], [ 33.041845198776763, -10.357305601075097 ], [ 33.059396170256036, -10.362290937219248 ], [ 33.060836448421682, -10.370250395465831 ], [ 33.06048866078158, -10.392296186203028 ], [ 33.061835322097863, -10.412843733399843 ], [ 33.073344226763801, -10.424446324714228 ], [ 33.089441617896568, -10.428455045359822 ], [ 33.10557913159878, -10.426167523092291 ], [ 33.130830973382899, -10.422319333229515 ], [ 33.164657751615231, -10.420437561632221 ], [ 33.18927196369502, -10.418011861998888 ], [ 33.204976960434955, -10.413980760232233 ], [ 33.221925997109082, -10.406382494106754 ], [ 33.239178189697412, -10.397718429421163 ], [ 33.26191521479484, -10.400269084072713 ], [ 33.265830230250756, -10.408085845304724 ], [ 33.260595291608411, -10.424111852514125 ], [ 33.249929154999812, -10.444632645420393 ], [ 33.236685575780271, -10.477870816495676 ], [ 33.234857326948465, -10.505909595435082 ], [ 33.240761209452032, -10.525819483876056 ], [ 33.248578042504349, -10.548761589403135 ], [ 33.253514260520475, -10.592790761788606 ], [ 33.254736063117946, -10.633172352595089 ], [ 33.25575267757776, -10.684353904032299 ], [ 33.268358602901351, -10.717498465444747 ], [ 33.287688774811642, -10.743896277993649 ], [ 33.29165295527865, -10.746883895010489 ], [ 33.294167891117873, -10.748778999582893 ], [ 33.297877807908336, -10.74972434940663 ], [ 33.301155242743874, -10.747682087217143 ], [ 33.309043453036089, -10.750040931693784 ], [ 33.313257293691102, -10.74708459012543 ], [ 33.316748759823675, -10.746883928975789 ], [ 33.320909079348134, -10.750593881321574 ], [ 33.325100650578605, -10.749706552846604 ], [ 33.322710530006695, -10.75796479458351 ], [ 33.327771609822861, -10.765594267930428 ], [ 33.335209450358242, -10.76657081942402 ], [ 33.338491358749991, -10.763378122938731 ], [ 33.342910275828167, -10.763409313038283 ], [ 33.344038477584256, -10.768015549218003 ], [ 33.346820907918719, -10.769188302669081 ], [ 33.349126267439956, -10.772425627888877 ], [ 33.353353515899748, -10.767395752078182 ], [ 33.356613147437891, -10.766963269233921 ], [ 33.362525887446935, -10.784714948629128 ], [ 33.361799067593346, -10.788157375550679 ], [ 33.364331784200211, -10.792085824251654 ], [ 33.39034176015651, -10.79872096078288 ], [ 33.398956762292848, -10.7983241301768 ], [ 33.400637806947884, -10.791439242242635 ], [ 33.403919712869268, -10.788473942557488 ], [ 33.407165910030479, -10.789646660075954 ], [ 33.411147948026169, -10.786226559711796 ], [ 33.41579874086856, -10.786489650728393 ], [ 33.438054140586488, -10.766414783568338 ], [ 33.443409479186684, -10.765536338093039 ], [ 33.451386801798137, -10.757081861735903 ], [ 33.458864777470389, -10.751851320122295 ], [ 33.467488675640951, -10.750299540674069 ], [ 33.471938860963121, -10.745960876190804 ], [ 33.476839374746582, -10.743700116720861 ], [ 33.50019617224423, -10.731214614720308 ], [ 33.505319708301897, -10.730790975763069 ], [ 33.510938133148642, -10.725774518366251 ], [ 33.517912129709963, -10.72628288312427 ], [ 33.520498412057719, -10.722158182106256 ], [ 33.52446701360136, -10.720120367619471 ], [ 33.531730915854574, -10.713039356878379 ], [ 33.548943045279046, -10.67981453345668 ], [ 33.559734089825156, -10.666321351379613 ], [ 33.564786245579661, -10.66146985111536 ], [ 33.575189311383745, -10.651481449676615 ], [ 33.582025089544224, -10.637961478292674 ], [ 33.586845455512268, -10.612928043364597 ], [ 33.596691091098542, -10.601267495236412 ], [ 33.601819068462902, -10.599234157216385 ], [ 33.607245801362012, -10.587310496736613 ], [ 33.611669206306566, -10.586882478806775 ], [ 33.617519541951822, -10.581170352058182 ], [ 33.621439086928994, -10.585794459205385 ], [ 33.623708793385603, -10.595006936819969 ], [ 33.63271169439475, -10.604036604022333 ], [ 33.639418256836599, -10.609597084317285 ], [ 33.646855994254366, -10.610569170752722 ], [ 33.651533588441055, -10.605998641320955 ], [ 33.660625741241859, -10.602841536464515 ], [ 33.667421366344065, -10.595292289400847 ], [ 33.674649541565373, -10.592121859160061 ], [ 33.694514833135081, -10.576153856707544 ], [ 33.698617222894015, -10.572448363095774 ], [ 33.705038357512095, -10.569478538336028 ], [ 33.705047228770788, -10.569541018858985 ], [ 33.705372820423619, -10.572252122510729 ], [ 33.705698325640554, -10.575007852678143 ], [ 33.701462148465836, -10.585330651622074 ], [ 33.68743826014336, -10.598360199176273 ], [ 33.685931130566999, -10.602640905956408 ], [ 33.684967971220544, -10.605378771983535 ], [ 33.684611167180954, -10.606399918048703 ], [ 33.669713345288471, -10.617525383905351 ], [ 33.663831775499261, -10.621922081568197 ], [ 33.661250008245823, -10.622724672546321 ], [ 33.651480074479053, -10.625770286307073 ], [ 33.64871096249513, -10.628004306137992 ], [ 33.64611136781555, -10.630100075435331 ], [ 33.638602209841117, -10.641791838663185 ], [ 33.623392224474365, -10.659641595393477 ], [ 33.615941022747791, -10.66052006392853 ], [ 33.60223826782024, -10.656761027141547 ], [ 33.600896037713589, -10.657835694274388 ], [ 33.597101346361789, -10.660881210612848 ], [ 33.593328963340568, -10.670058051781634 ], [ 33.592111636760698, -10.67157863156325 ], [ 33.591964487273366, -10.671761409222894 ], [ 33.584419673215962, -10.681268257919905 ], [ 33.577222671717927, -10.692540859528641 ], [ 33.569642171187546, -10.704410999470747 ], [ 33.567394828775029, -10.706497816086099 ], [ 33.559809868172145, -10.713552099009997 ], [ 33.552015402128355, -10.728579300491781 ], [ 33.54970108310691, -10.733038399985164 ], [ 33.546740241149664, -10.735174303673778 ], [ 33.54432342911538, -10.736917840637672 ], [ 33.544318985913236, -10.736917785858406 ], [ 33.537590208960857, -10.734121925512818 ], [ 33.532239300716896, -10.735468603160477 ], [ 33.53150795717211, -10.739602183252524 ], [ 33.532069839395561, -10.743379088572553 ], [ 33.533969361271673, -10.756172194737983 ], [ 33.531360799025023, -10.765589841113558 ], [ 33.529929456275745, -10.766191851413124 ], [ 33.52646026852392, -10.767627663101274 ], [ 33.52646026852392, -10.767632120460865 ], [ 33.523365633230988, -10.770798051660233 ], [ 33.516627936627678, -10.777691821525073 ], [ 33.512645930459293, -10.778646122261115 ], [ 33.5100998652646, -10.779261426611789 ], [ 33.503781291598948, -10.786119534743257 ], [ 33.499897399084539, -10.788500715281463 ], [ 33.495612230677814, -10.791131588652451 ], [ 33.483251562117488, -10.794047858010913 ], [ 33.477089139435606, -10.798225972253851 ], [ 33.472500667045367, -10.801338449345966 ], [ 33.46030950270093, -10.816441434492765 ], [ 33.452608667798692, -10.820530390728159 ], [ 33.442597990180076, -10.82069985432223 ], [ 33.432248357714194, -10.817761331996364 ], [ 33.423120619725459, -10.815170596672793 ], [ 33.416110867691565, -10.813181847762586 ], [ 33.409560440665686, -10.812307865081685 ], [ 33.403322163091367, -10.811478437464455 ], [ 33.388651720212387, -10.812539720157702 ], [ 33.376242065001463, -10.824178001960535 ], [ 33.366708547883867, -10.82803066137304 ], [ 33.363881404678686, -10.829172146553169 ], [ 33.334558381704554, -10.828521106771335 ], [ 33.327116123452235, -10.841920754688967 ], [ 33.321832162127869, -10.851432013305541 ], [ 33.320075231175288, -10.856229947837884 ], [ 33.319517843861014, -10.857750532973458 ], [ 33.319228014894222, -10.858539804011027 ], [ 33.317752049114745, -10.860515191541396 ], [ 33.311009923403859, -10.869518068799081 ], [ 33.305899741377814, -10.87153360968416 ], [ 33.30236813710799, -10.872920395950429 ], [ 33.295380701543415, -10.874249234943006 ], [ 33.286061195861102, -10.876019448870466 ], [ 33.28502227953858, -10.871141209613977 ], [ 33.284250838846674, -10.867511538618174 ], [ 33.278681359013611, -10.865629791859298 ], [ 33.274249057648561, -10.865830437764528 ], [ 33.265620707858638, -10.868760037537902 ], [ 33.249639289642275, -10.886721293493636 ], [ 33.247320507098799, -10.889329859396431 ], [ 33.245889132297634, -10.893918276180951 ], [ 33.248430879470419, -10.897391945789431 ], [ 33.250918993286128, -10.907291185636355 ], [ 33.250923535770077, -10.907291154518713 ], [ 33.252568929947635, -10.907692485289108 ], [ 33.25581069850432, -10.908481720618644 ], [ 33.258615458962481, -10.90594004964994 ], [ 33.260871755377515, -10.90389780582202 ], [ 33.262129201427641, -10.902769629039094 ], [ 33.262646469550141, -10.902952480144997 ], [ 33.271421954696891, -10.906051528007518 ], [ 33.273281392738916, -10.903607949824924 ], [ 33.276826394204406, -10.898961515994566 ], [ 33.276830849794315, -10.898961569722804 ], [ 33.279274453596862, -10.900192270088246 ], [ 33.280540829502783, -10.900829905254326 ], [ 33.299491996319723, -10.920958291514744 ], [ 33.299491996319723, -10.920962766768776 ], [ 33.304080417604801, -10.930420514971695 ], [ 33.30534681241128, -10.931686908915786 ], [ 33.309868316753537, -10.936208413662289 ], [ 33.313078879849478, -10.943360846199718 ], [ 33.311647531584548, -10.956501791038539 ], [ 33.307870644060145, -10.991157945163106 ], [ 33.308927474747762, -10.998537729557967 ], [ 33.310541650447988, -11.009810371707673 ], [ 33.310804781241984, -11.010416769055693 ], [ 33.313792361939939, -11.017279355369698 ], [ 33.318568016959659, -11.028262102023385 ], [ 33.318050789899154, -11.03722932855206 ], [ 33.320329428870572, -11.044377302894466 ], [ 33.320329428870572, -11.044381784149245 ], [ 33.329350188459429, -11.053411431597656 ], [ 33.33103124831397, -11.063934900836079 ], [ 33.331588654933043, -11.067448669756622 ], [ 33.338308538680884, -11.073009158109462 ], [ 33.339401001205943, -11.074369223107254 ], [ 33.345077445901268, -11.081481438078397 ], [ 33.347552207311303, -11.0845805723319 ], [ 33.351583202088612, -11.086863610505979 ], [ 33.358231749496845, -11.090618136133267 ], [ 33.365861312486651, -11.099638966096142 ], [ 33.375831800449632, -11.118081751572161 ], [ 33.376219809923015, -11.118799688030823 ], [ 33.372188732042567, -11.129131397148463 ], [ 33.373758367007248, -11.138339454099635 ], [ 33.378609889900062, -11.145268946540744 ], [ 33.384054390909554, -11.144377099405148 ], [ 33.392138748335078, -11.14304828864662 ], [ 33.403059113370318, -11.147948821851653 ], [ 33.403598646919853, -11.14870690076846 ], [ 33.405368946034557, -11.151190582592998 ], [ 33.405926265175687, -11.159796648971607 ], [ 33.406011065024593, -11.161080894254992 ], [ 33.405783619850176, -11.161549055442476 ], [ 33.40199783647121, -11.169339121007997 ], [ 33.401355690657475, -11.174150524196993 ], [ 33.401262072559462, -11.174850571793732 ], [ 33.39784195435476, -11.179893840425301 ], [ 33.393498812515404, -11.18630153683962 ], [ 33.392227925045546, -11.202849306541701 ], [ 33.382551684610704, -11.223031162800567 ], [ 33.382030007152551, -11.230611652784726 ], [ 33.382025556404557, -11.230616103415935 ], [ 33.376848513787017, -11.23793791975009 ], [ 33.365830066422056, -11.247663246341913 ], [ 33.359511561118197, -11.253241574499677 ], [ 33.356399112556574, -11.264951195193332 ], [ 33.352809505524128, -11.271211795246687 ], [ 33.349558821251129, -11.276870397990118 ], [ 33.3476279826669, -11.287429552129467 ], [ 33.34235293450763, -11.296089060532987 ], [ 33.337019797212719, -11.304837860361838 ], [ 33.326451726009587, -11.316270973134188 ], [ 33.313359819402628, -11.327641712561578 ], [ 33.309101356471992, -11.33133829261299 ], [ 33.309092448247632, -11.331360557851381 ], [ 33.308829398463708, -11.332172129278417 ], [ 33.308026711042451, -11.334593409020888 ], [ 33.307429252371684, -11.336390455338424 ], [ 33.308307665247121, -11.340537388348181 ], [ 33.308789225705382, -11.34282938753163 ], [ 33.315696382623912, -11.353112053575492 ], [ 33.317328431735035, -11.355537833185833 ], [ 33.318184572023867, -11.360581070493149 ], [ 33.318229194577967, -11.360839695517345 ], [ 33.31655253734867, -11.362815049333943 ], [ 33.312588432816248, -11.367470391235949 ], [ 33.303170785739994, -11.369231727544648 ], [ 33.294636071834731, -11.367122579503034 ], [ 33.294631617062286, -11.367118119987486 ], [ 33.28879020456241, -11.368919582629571 ], [ 33.283367924136051, -11.376941525369665 ], [ 33.283506123744139, -11.382180967868401 ], [ 33.283559672821283, -11.384299018421093 ], [ 33.286092467707341, -11.387817247503969 ], [ 33.290738837559687, -11.394269602854155 ], [ 33.291175764630168, -11.394876053813633 ], [ 33.291875871901993, -11.395857015415432 ], [ 33.291880326800197, -11.395861475469969 ], [ 33.293570347035285, -11.421849101225213 ], [ 33.293565892208946, -11.421853571547494 ], [ 33.288598466207802, -11.431940027908359 ], [ 33.284380126700015, -11.435592036726428 ], [ 33.278311294259396, -11.436470478168292 ], [ 33.27272407919429, -11.434129487546228 ], [ 33.272719623415732, -11.434129455099079 ], [ 33.269584846383303, -11.431369300872623 ], [ 33.253260059204976, -11.417002061455673 ], [ 33.249541153476521, -11.413729124403917 ], [ 33.24943864608165, -11.410340140450508 ], [ 33.249349423413371, -11.407290163051396 ], [ 33.245180208285873, -11.402893461777323 ], [ 33.245180208285873, -11.402889033065007 ], [ 33.24395837150751, -11.402460932579993 ], [ 33.239829212680746, -11.401020654926389 ], [ 33.231838515493209, -11.410161808490322 ], [ 33.231539766713787, -11.4122932885421 ], [ 33.231098371225457, -11.415441345944293 ], [ 33.227548875380798, -11.422781054365322 ], [ 33.227169871949329, -11.426491014256953 ], [ 33.226799782814837, -11.430129658793625 ], [ 33.230197571901947, -11.436198485179604 ], [ 33.234170610413422, -11.443301830850386 ], [ 33.238001022805371, -11.446659517678958 ], [ 33.24183137041981, -11.450021682124133 ], [ 33.246223578761004, -11.459055841504789 ], [ 33.246879097354203, -11.460398029399608 ], [ 33.247298222384934, -11.463938591130454 ], [ 33.247989389048129, -11.469837981608439 ], [ 33.243427718442369, -11.485163865286511 ], [ 33.241077758887791, -11.493038694031712 ], [ 33.251142003343247, -11.502759515356789 ], [ 33.252341466447582, -11.512221757426834 ], [ 33.24978199401405, -11.523828757169579 ], [ 33.248751946578665, -11.528501882866552 ], [ 33.245857933232898, -11.531311111257478 ], [ 33.239820298114282, -11.537179325469966 ], [ 33.23560198588833, -11.539448980282431 ], [ 33.230639057194857, -11.54815762313636 ], [ 33.230639057194857, -11.548162060014365 ], [ 33.230442832231518, -11.548353846401886 ], [ 33.224770825815568, -11.553860779272593 ], [ 33.224770825815568, -11.553865291896543 ], [ 33.224289277754053, -11.589279472889528 ], [ 33.231851888443352, -11.58802647353599 ], [ 33.240038790588748, -11.586670846970287 ], [ 33.240712179772132, -11.586554898820435 ], [ 33.241581681530633, -11.586407791994098 ], [ 33.260309914350806, -11.577801750921029 ], [ 33.269415349785135, -11.580481635825947 ], [ 33.275261269555003, -11.582202858198009 ], [ 33.278708177731325, -11.583219487650709 ], [ 33.278712633231407, -11.583219514025245 ], [ 33.285057921248502, -11.576129545984827 ], [ 33.289481333343645, -11.578229779639635 ], [ 33.292250425501749, -11.582849397860445 ], [ 33.292460061800242, -11.586068853541082 ], [ 33.306671181216323, -11.591219136684801 ], [ 33.309574090470548, -11.593979358311852 ], [ 33.311067825662967, -11.595401815402445 ], [ 33.315870337848303, -11.610839155959377 ], [ 33.317609358954314, -11.630169378741263 ], [ 33.317297255613269, -11.634316389823601 ], [ 33.317141117915583, -11.636389839408711 ], [ 33.314800135710733, -11.66741178983618 ], [ 33.316610521947361, -11.710442162566643 ], [ 33.314898205949127, -11.721701349489512 ], [ 33.315005269410477, -11.722133930061494 ], [ 33.323530995132337, -11.75810103084922 ], [ 33.323138662938852, -11.761601373980715 ], [ 33.322541126213473, -11.76705933288504 ], [ 33.327330223227847, -11.784110953481518 ], [ 33.327691365654154, -11.784592520641214 ], [ 33.330799344288749, -11.788739522991927 ], [ 33.333541736468455, -11.798879470075374 ], [ 33.333617522810449, -11.802669740009177 ], [ 33.333720112580835, -11.80761930848163 ], [ 33.329189617027843, -11.821620868315339 ], [ 33.321167728402266, -11.832848925703072 ], [ 33.314800135710733, -11.841758187009717 ], [ 33.305810570551316, -11.858261336466372 ], [ 33.305498429184581, -11.860459672097051 ], [ 33.304838509017173, -11.865150661116843 ], [ 33.307121570421685, -11.872989767896629 ], [ 33.309502739389593, -11.87563846950224 ], [ 33.310568460362212, -11.876829022513718 ], [ 33.317319524274239, -11.884329268922054 ], [ 33.323080682256823, -11.896787999114913 ], [ 33.323022701538854, -11.905398470732862 ], [ 33.322937999947669, -11.918410122310481 ], [ 33.320324975274922, -11.929397381839644 ], [ 33.319330534281605, -11.933571126802805 ], [ 33.318465496763793, -11.935599995785141 ], [ 33.310550558537599, -11.954207795176236 ], [ 33.310305328930411, -11.960847407356754 ], [ 33.309970931703702, -11.970082173799488 ], [ 33.307821648219786, -11.977421896485763 ], [ 33.309640901753525, -11.984601069740194 ], [ 33.310100185277335, -11.986398035236304 ], [ 33.310100185277335, -11.986402491203506 ], [ 33.309038998919419, -11.996752105523424 ], [ 33.308775863337395, -11.999374051526951 ], [ 33.308601981029256, -12.001122035025737 ], [ 33.301480761471474, -12.017170322259799 ], [ 33.297369465347685, -12.022182352013296 ], [ 33.293231437238525, -12.027230091299524 ], [ 33.293226982403198, -12.027234541634289 ], [ 33.289169225097801, -12.040090100915076 ], [ 33.288049979347463, -12.042119013690284 ], [ 33.283885164913833, -12.04968605829314 ], [ 33.279461754884821, -12.057730327536726 ], [ 33.270151175420125, -12.085501611774282 ], [ 33.262240693682159, -12.113299640474814 ], [ 33.261099198952934, -12.117308376894824 ], [ 33.260809281151751, -12.118329504849957 ], [ 33.260037905345158, -12.128210822489494 ], [ 33.260207332593396, -12.130003440867265 ], [ 33.261348837796973, -12.142248126863279 ], [ 33.265968540486369, -12.151019160633217 ], [ 33.26648578819016, -12.151362539503598 ], [ 33.266891546352348, -12.151630059834385 ], [ 33.272719623415732, -12.155438152810548 ], [ 33.277147453281707, -12.156655429983076 ], [ 33.288130256358578, -12.159678692249205 ], [ 33.297699451415163, -12.160650820312572 ], [ 33.305190741108071, -12.161408841314993 ], [ 33.305449346495095, -12.161712115977492 ], [ 33.30936003707496, -12.166269268793993 ], [ 33.308998826250928, -12.185581639383187 ], [ 33.311669801539097, -12.205839372076088 ], [ 33.31161189963931, -12.206213884730637 ], [ 33.311571728030835, -12.206490372727309 ], [ 33.308784771588712, -12.223524150015432 ], [ 33.307768112536522, -12.229731202662514 ], [ 33.307768112536522, -12.22973567069409 ], [ 33.307768112536522, -12.230306444002046 ], [ 33.307710122646753, -12.238239190861622 ], [ 33.311148083611833, -12.249538528614934 ], [ 33.31789028536511, -12.255571735551241 ], [ 33.327709178662332, -12.25654822996588 ], [ 33.331160559397745, -12.265537795556494 ], [ 33.333858326013996, -12.28212119106832 ], [ 33.338718705945169, -12.290201074641184 ], [ 33.339771089567883, -12.290936854983119 ], [ 33.351297835799436, -12.299021216010885 ], [ 33.355177306716186, -12.304073363878185 ], [ 33.357331016981043, -12.306878112667233 ], [ 33.358057870503494, -12.30844327048244 ], [ 33.358650907010663, -12.309718587922257 ], [ 33.361255019236957, -12.315345968765772 ], [ 33.363101089997215, -12.319341342647116 ], [ 33.365214730845942, -12.340633545064765 ], [ 33.365959416519665, -12.348106948249344 ], [ 33.365959416519665, -12.348111419667569 ], [ 33.367065262837528, -12.348245228202748 ], [ 33.369928008729815, -12.348588520637232 ], [ 33.37921187289983, -12.344111621592432 ], [ 33.38168216354741, -12.34292101363101 ], [ 33.384651974823441, -12.342145107359929 ], [ 33.394568997998206, -12.339549944078627 ], [ 33.402064754941165, -12.340633520666522 ], [ 33.407901714303534, -12.341480771065603 ], [ 33.423321245274863, -12.341128506779082 ], [ 33.430509351690894, -12.338640321646128 ], [ 33.432970795594805, -12.337788620831432 ], [ 33.448238752885018, -12.326779083640179 ], [ 33.448243200569756, -12.326779076561454 ], [ 33.454111389341953, -12.322551878092915 ], [ 33.464657144722565, -12.32267671751592 ], [ 33.476121457925096, -12.322810486094037 ], [ 33.481476888108539, -12.328272883349602 ], [ 33.485650602843393, -12.332531307967086 ], [ 33.502251825862203, -12.334471003526788 ], [ 33.511812122333346, -12.342350252612007 ], [ 33.515321417985135, -12.342140695500007 ], [ 33.526616322300988, -12.331626123122259 ], [ 33.526620766329579, -12.331621649943335 ], [ 33.531530261612978, -12.331880288819553 ], [ 33.535253576506413, -12.335911318011318 ], [ 33.54221869756001, -12.343451657344694 ], [ 33.547480438939047, -12.355954994047741 ], [ 33.548229602427, -12.357738586485914 ], [ 33.548140400330141, -12.358126581307774 ], [ 33.548051198152436, -12.35851896725644 ], [ 33.54760979993322, -12.360467577939568 ], [ 33.545589817247368, -12.369448216908323 ], [ 33.543230909053229, -12.37243139525053 ], [ 33.534482177810752, -12.378535873892655 ], [ 33.522308853325136, -12.387030468830716 ], [ 33.519263312884874, -12.388363705382037 ], [ 33.511981534274284, -12.391560889167767 ], [ 33.505859178313592, -12.396818208311338 ], [ 33.503500395578158, -12.400960676514471 ], [ 33.500900657689158, -12.405531240073234 ], [ 33.497609851313833, -12.408344971682748 ], [ 33.496892005297553, -12.408955887511732 ], [ 33.496892005297553, -12.408960280839411 ], [ 33.492071687874471, -12.409673752455513 ], [ 33.487991616498256, -12.410280184550368 ], [ 33.486707362034089, -12.411114099872281 ], [ 33.48305986882238, -12.413481826486207 ], [ 33.4766966639788, -12.41386533794225 ], [ 33.476268615919473, -12.413892111843017 ], [ 33.47472579713925, -12.416130575998974 ], [ 33.473428195677272, -12.418007834999269 ], [ 33.472821758695588, -12.420197211560939 ], [ 33.471519684764353, -12.424901609777892 ], [ 33.476589694903438, -12.442738020202077 ], [ 33.477494866731682, -12.445939658194312 ], [ 33.478850470758651, -12.450706434418482 ], [ 33.478850470758651, -12.450710906213999 ], [ 33.478346589159841, -12.451575913180109 ], [ 33.476718981256596, -12.454371810437472 ], [ 33.472121683457686, -12.459013700373527 ], [ 33.470828493244774, -12.46032021943828 ], [ 33.463172205779514, -12.459972454417761 ], [ 33.458891546089063, -12.459780708607139 ], [ 33.4494917068916, -12.466389063853446 ], [ 33.449487259269752, -12.466393550273539 ], [ 33.448341306022108, -12.468747941828264 ], [ 33.447592126750756, -12.470290760042541 ], [ 33.442820900146906, -12.472676443682554 ], [ 33.43350134982731, -12.477340661900765 ], [ 33.419201022520241, -12.497103343461045 ], [ 33.415780944128869, -12.501830028853247 ], [ 33.415589201201847, -12.503653783521484 ], [ 33.414278220357787, -12.516308718483558 ], [ 33.409801225292064, -12.521338598192941 ], [ 33.400303380328303, -12.525209043978577 ], [ 33.399050382636645, -12.525721896207717 ], [ 33.394778583505953, -12.527460958384705 ], [ 33.385071103016244, -12.534604374783155 ], [ 33.383010963858531, -12.536120480469567 ], [ 33.382012118578089, -12.537159455847336 ], [ 33.37028026046687, -12.549381877117 ], [ 33.36064855792889, -12.553230084775402 ], [ 33.35456190317354, -12.552039531359682 ], [ 33.351048171712748, -12.550492189696758 ], [ 33.338678631228973, -12.545038731819131 ], [ 33.332632038864929, -12.540401253114178 ], [ 33.332627585835219, -12.540396784229202 ], [ 33.332195041860601, -12.539224025783492 ], [ 33.331008982806082, -12.536017929012328 ], [ 33.325805137370999, -12.531759513530709 ], [ 33.324489765768448, -12.530680429803825 ], [ 33.321212263936559, -12.528963632227423 ], [ 33.31515241724491, -12.525788732993863 ], [ 33.315147963406716, -12.525788745040272 ], [ 33.30829875695089, -12.528103054548552 ], [ 33.301779552435775, -12.530301357112247 ], [ 33.295188976214384, -12.53417184887366 ], [ 33.291710869099077, -12.5348407774725 ], [ 33.285035645185417, -12.536124935754049 ], [ 33.281361308893672, -12.536829497322209 ], [ 33.270811074405259, -12.536990030710141 ], [ 33.264942949108018, -12.540365522812399 ], [ 33.262120288900348, -12.541988691627783 ], [ 33.262432398349937, -12.545890392200654 ], [ 33.262971945994039, -12.552579041014031 ], [ 33.238411271322271, -12.582530826449268 ], [ 33.232239874668331, -12.592840273185161 ], [ 33.227312523491186, -12.59552908098393 ], [ 33.223080896283378, -12.597838926458138 ], [ 33.217449015491141, -12.59825810188436 ], [ 33.212811579285486, -12.600643708736381 ], [ 33.20687205052652, -12.603698188141353 ], [ 33.204468561388246, -12.606025863494102 ], [ 33.201619196908226, -12.608790492525431 ], [ 33.198850100015996, -12.611470420621348 ], [ 33.195590488186895, -12.623634839469748 ], [ 33.19307111998819, -12.633048002003397 ], [ 33.188589729384937, -12.638068924871593 ], [ 33.186823959692681, -12.638974119606873 ], [ 33.181058335744652, -12.641930491071157 ], [ 33.175671748555594, -12.641658473172187 ], [ 33.174784333905237, -12.638323074498027 ], [ 33.174079783053976, -12.635669930759269 ], [ 33.177156559021597, -12.623331602186147 ], [ 33.17865927307291, -12.617298415030744 ], [ 33.178605752148968, -12.615715456810721 ], [ 33.178472035475508, -12.611550676593922 ], [ 33.168702162327058, -12.601361592814278 ], [ 33.163623203898744, -12.599515560376151 ], [ 33.152577998245739, -12.595497920420984 ], [ 33.145229424629647, -12.596206902571707 ], [ 33.137109414480854, -12.596991677478396 ], [ 33.134108440503887, -12.597660520458808 ], [ 33.129132043324446, -12.598770850016724 ], [ 33.119906181611633, -12.607091561020695 ], [ 33.115219674134082, -12.611318773574819 ], [ 33.109739440747703, -12.611862800596219 ], [ 33.106537812160823, -12.612179384266776 ], [ 33.099541435843882, -12.607987802669745 ], [ 33.090730281435881, -12.595738656798854 ], [ 33.086061618470424, -12.593861365513108 ], [ 33.083221182588559, -12.597749721396839 ], [ 33.074298497873407, -12.600897854544977 ], [ 33.069946417958668, -12.604875416720699 ], [ 33.065558682625714, -12.608879683312502 ], [ 33.056167834153896, -12.611568523639267 ], [ 33.040119485933211, -12.627318023619067 ], [ 33.035820877184733, -12.634840560086245 ], [ 33.034130878401413, -12.63779690545447 ], [ 33.026109026022851, -12.651820797262411 ], [ 33.019540719639224, -12.65269033394741 ], [ 33.016655678549732, -12.655914269795863 ], [ 33.015050407570442, -12.657711273892581 ], [ 33.01501475367936, -12.657804931615281 ], [ 33.011460812764064, -12.66780220526493 ], [ 33.00871850563685, -12.692532390270111 ], [ 33.008428702307981, -12.695149870919039 ], [ 33.006261551449846, -12.702262162148168 ], [ 33.000214965670452, -12.710694304842237 ], [ 32.991341358111157, -12.72308166997635 ], [ 32.97563200283529, -12.739758727980934 ], [ 32.975516060290921, -12.739879143955751 ], [ 32.97478920317522, -12.740650521064898 ], [ 32.963708295688036, -12.748841925359887 ], [ 32.961906873416247, -12.752801589870199 ], [ 32.960368456973811, -12.756181607846553 ], [ 32.959610457755531, -12.763855687425183 ], [ 32.958072005964389, -12.779391238231929 ], [ 32.956997388023296, -12.807514785920571 ], [ 32.955998578693432, -12.833640599812416 ], [ 32.956801220219759, -12.839045054654177 ], [ 32.957331783615068, -12.84262128243031 ], [ 32.960818801038826, -12.846558633139306 ], [ 32.961166679471653, -12.846835130011334 ], [ 32.970098238966891, -12.853880509552788 ], [ 32.97083845266544, -12.854460183853668 ], [ 32.975993151397084, -12.857287250558317 ], [ 32.980180299368016, -12.859588120910622 ], [ 32.987992561549625, -12.867378222471636 ], [ 33.000420156233552, -12.879761138456761 ], [ 33.006132240914042, -12.882570346635594 ], [ 33.015607809392506, -12.887230127733257 ], [ 33.01793549523758, -12.890601164038992 ], [ 33.02024079038555, -12.893941055430432 ], [ 33.021707838831745, -12.901410081268361 ], [ 33.022051209401695, -12.903149097873813 ], [ 33.025979655389754, -12.910769722150432 ], [ 33.0256496993889, -12.912687098312315 ], [ 33.024989784108321, -12.916508534971507 ], [ 33.017337986045561, -12.935540006791067 ], [ 33.017489532929936, -12.945889571254487 ], [ 33.015429454893592, -12.952988485032915 ], [ 33.012428480826792, -12.963329124500424 ], [ 33.011848809014246, -12.970905144665359 ], [ 33.011130894483458, -12.980331703738905 ], [ 33.012241185422802, -12.98838926472493 ], [ 33.00723811982278, -12.997780171991486 ], [ 33.003318556690658, -13.001115562598775 ], [ 32.999198286576849, -13.004620392958847 ], [ 32.991550949556768, -13.0231791855681 ], [ 32.987060663637941, -13.027058605846818 ], [ 32.987939109140186, -13.03442059478658 ], [ 32.987943577827537, -13.034420570091893 ], [ 32.991336889567542, -13.038545293998983 ], [ 32.995381351025202, -13.043450270801419 ], [ 32.996228530870596, -13.054950328472158 ], [ 32.994266575462397, -13.05807612950233 ], [ 32.991479624922206, -13.062508471462252 ], [ 32.989499787434369, -13.064715711921663 ], [ 32.988670425007875, -13.065638764464104 ], [ 32.98423354968191, -13.070610629732764 ], [ 32.979640747358104, -13.07575201539597 ], [ 32.979872536785237, -13.085660155068011 ], [ 32.980157954170586, -13.098060892047338 ], [ 32.9789406489257, -13.104259026013663 ], [ 32.974428050256591, -13.11019853813583 ], [ 32.974561785282631, -13.123772057348257 ], [ 32.97785705942902, -13.141751161589012 ], [ 32.980639578040922, -13.156929886581006 ], [ 32.995559655532873, -13.169919293689283 ], [ 32.996478240888152, -13.171225773156298 ], [ 33.001427886678606, -13.178271198278271 ], [ 33.006471111490356, -13.185410187401709 ], [ 33.009521152517138, -13.195657252034069 ], [ 33.010591338269435, -13.19923788364817 ], [ 33.012611308289038, -13.201543249044393 ], [ 33.013846501758032, -13.202947858317089 ], [ 33.013850969286551, -13.202947826372997 ], [ 33.016602155613562, -13.211009931504853 ], [ 33.016597774125678, -13.211009874722343 ], [ 33.014448413530381, -13.213658599369742 ], [ 33.013998053969416, -13.214211525731168 ], [ 33.012343768365994, -13.215143487872394 ], [ 33.001499204189521, -13.221247976189376 ], [ 32.991381489016966, -13.223241227428838 ], [ 32.982320602447935, -13.228244321209013 ], [ 32.981950538870514, -13.228449440266218 ], [ 32.981402058469058, -13.230647784044617 ], [ 32.978789043363371, -13.241068681487944 ], [ 32.973589709761725, -13.246089677874263 ], [ 32.972769239713315, -13.24858225335249 ], [ 32.969741538574922, -13.257790341151809 ], [ 32.967610076785896, -13.260068947667097 ], [ 32.958459952151465, -13.258851569398168 ], [ 32.956132338405176, -13.259475895412459 ], [ 32.955160255428254, -13.259738964025075 ], [ 32.953318618824106, -13.262249406706841 ], [ 32.952837035108459, -13.262909372050524 ], [ 32.945430480522873, -13.2730003254316 ], [ 32.941069492859882, -13.289521324969906 ], [ 32.939522158033135, -13.292370628912456 ], [ 32.938211156294265, -13.294778556186376 ], [ 32.938594708614673, -13.299866405474617 ], [ 32.938839919959115, -13.303068034043525 ], [ 32.933747620372039, -13.316052938867465 ], [ 32.932369733346981, -13.319571159443296 ], [ 32.9326640567648, -13.320828656311116 ], [ 32.933497925428213, -13.324409325492763 ], [ 32.929614074398003, -13.334955074989409 ], [ 32.92293880247837, -13.353059022408127 ], [ 32.922898644084114, -13.358253873254812 ], [ 32.922698023825781, -13.38179790355286 ], [ 32.922680137389314, -13.384330729017572 ], [ 32.922425943251355, -13.385454434508036 ], [ 32.920000231445854, -13.39627219072861 ], [ 32.915438533881648, -13.407732050128875 ], [ 32.90118280619469, -13.429791254276333 ], [ 32.8885412444792, -13.449348824352207 ], [ 32.882610645090942, -13.455738733602878 ], [ 32.875770421105237, -13.458668378839988 ], [ 32.86075212958157, -13.456478950867732 ], [ 32.848997976255177, -13.456380868699712 ], [ 32.84498925902318, -13.457731980467544 ], [ 32.843731758184809, -13.461192263094199 ], [ 32.843071847979715, -13.462998170016405 ], [ 32.843143192152631, -13.468291092062682 ], [ 32.843361699521168, -13.484611405585978 ], [ 32.843834341649021, -13.493195224467925 ], [ 32.843968078660339, -13.495652174837092 ], [ 32.843972553770641, -13.495652135428001 ], [ 32.847169710445215, -13.507178933654044 ], [ 32.844521011327934, -13.514509725235866 ], [ 32.844516536244583, -13.514509688360024 ], [ 32.842924684316969, -13.515419389673589 ], [ 32.836958351159431, -13.518821628843936 ], [ 32.821801893894161, -13.532261373315803 ], [ 32.808429033378978, -13.535360449241695 ], [ 32.803657810925344, -13.536470798760178 ], [ 32.797740563206133, -13.540791665776119 ], [ 32.793219053141605, -13.546958588200107 ], [ 32.792068624972309, -13.547377769986401 ], [ 32.783181620765319, -13.550619532102166 ], [ 32.782138202643551, -13.550998505062781 ], [ 32.770682804312919, -13.550401011375682 ], [ 32.766402016621527, -13.550178048138758 ], [ 32.75927193694416, -13.558168758693228 ], [ 32.752079424534209, -13.574190295301872 ], [ 32.747571215725273, -13.578979382569527 ], [ 32.73582150851157, -13.57773079905545 ], [ 32.731349024192319, -13.578841179520893 ], [ 32.724330396165612, -13.575331815570195 ], [ 32.723202280423209, -13.575492352713086 ], [ 32.721258097536122, -13.575768820839023 ], [ 32.708692307043982, -13.566792647431479 ], [ 32.705611092761053, -13.564589853758488 ], [ 32.692920475260628, -13.564710294949016 ], [ 32.692358701975877, -13.565245337407219 ], [ 32.690071154860938, -13.567439254629258 ], [ 32.690245086423708, -13.570315335724478 ], [ 32.690481419134294, -13.574110027327807 ], [ 32.690476937259675, -13.57411006611706 ], [ 32.684100417003052, -13.576031929435652 ], [ 32.681621155320904, -13.576776558668227 ], [ 32.680814087229237, -13.577017354487621 ], [ 32.680809604941395, -13.577021869977195 ], [ 32.684399169034371, -13.59612905323722 ], [ 32.67395146751587, -13.607758392616828 ], [ 32.67395146751587, -13.607762870988013 ], [ 32.675320459422984, -13.612828403717113 ], [ 32.679632392926983, -13.617559526355627 ], [ 32.679971240353716, -13.617929613271283 ], [ 32.684969950193604, -13.619530419210388 ], [ 32.689589523184239, -13.62101089056204 ], [ 32.704781721387349, -13.631721635172022 ], [ 32.713677636558565, -13.63280076258398 ], [ 32.716990743071825, -13.633202037074922 ], [ 32.718007427905661, -13.633888759143582 ], [ 32.727268970135626, -13.640189449373137 ], [ 32.736450240699448, -13.640501595626702 ], [ 32.746759672146013, -13.644269562449143 ], [ 32.750661413843758, -13.644519278530325 ], [ 32.754991185814198, -13.644800144565348 ], [ 32.760471400407816, -13.636800543025185 ], [ 32.769255837697564, -13.635953303055546 ], [ 32.773648030102649, -13.635529691443024 ], [ 32.781397978093359, -13.638361255105002 ], [ 32.786539310037313, -13.640238537695057 ], [ 32.798899967341747, -13.652300353675633 ], [ 32.799212072605187, -13.657187579309914 ], [ 32.799938908233194, -13.668629619539557 ], [ 32.826582073835773, -13.688160486995981 ], [ 32.834394419407985, -13.698068613983807 ], [ 32.83914784056747, -13.704101723560703 ], [ 32.839954944618704, -13.705122879983445 ], [ 32.842639306682081, -13.708529666596441 ], [ 32.843156531532728, -13.710447093378392 ], [ 32.844008268576481, -13.713590732371943 ], [ 32.840440942422092, -13.718620557859015 ], [ 32.838376360798854, -13.719677394116184 ], [ 32.830278652234284, -13.723828855236846 ], [ 32.823928875479446, -13.72305738325662 ], [ 32.815951560108417, -13.722089770646893 ], [ 32.808014336800049, -13.726919002717297 ], [ 32.806248521338631, -13.727989174069601 ], [ 32.806016675605093, -13.72993336805987 ], [ 32.80548161183885, -13.734419172148996 ], [ 32.795417410098288, -13.745731950504572 ], [ 32.794320476226872, -13.746971532162885 ], [ 32.781612054755314, -13.748237924813402 ], [ 32.78160757688719, -13.748242375327832 ], [ 32.778651194930582, -13.760955265603517 ], [ 32.777451687584218, -13.766127837018431 ], [ 32.769857837639556, -13.772508846803312 ], [ 32.772109664774355, -13.77488103715487 ], [ 32.773599028063913, -13.776446217068633 ], [ 32.773599028063913, -13.77645069849409 ], [ 32.775922249964744, -13.776107305852536 ], [ 32.777509643859027, -13.775870997019172 ], [ 32.780180677582599, -13.77547854811657 ], [ 32.783961959970796, -13.774930130534305 ], [ 32.790298398701999, -13.776820795255281 ], [ 32.791100984317183, -13.777957837933954 ], [ 32.796799753737339, -13.786068961543716 ], [ 32.798904444446308, -13.787420029761224 ], [ 32.800790578702795, -13.788628498278653 ], [ 32.805191737821552, -13.796249100654345 ], [ 32.810600631400824, -13.796748527624446 ], [ 32.814118908768151, -13.782720194878117 ], [ 32.814738720343897, -13.780240939807568 ], [ 32.827335654178277, -13.781520669125273 ], [ 32.833368828496759, -13.782136027437746 ], [ 32.834488061293392, -13.782251969541937 ], [ 32.848039227295409, -13.79339971748937 ], [ 32.861470090519319, -13.790978436507222 ], [ 32.861331816315136, -13.793943697780408 ], [ 32.861189153634172, -13.796949162426499 ], [ 32.861902637134982, -13.799102867768587 ], [ 32.863249224537888, -13.803178545835086 ], [ 32.867182189276413, -13.801970119322879 ], [ 32.871271156866506, -13.80072156922613 ], [ 32.8888177179591, -13.81349687277689 ], [ 32.888822191084124, -13.813501375528352 ], [ 32.89510061806056, -13.822049426693686 ], [ 32.896607781287813, -13.838837960307002 ], [ 32.903341054972941, -13.850391493123537 ], [ 32.916428460086081, -13.861762168662743 ], [ 32.918787353547849, -13.863327349115496 ], [ 32.923451573095569, -13.866421979782103 ], [ 32.92908783535772, -13.867608100200542 ], [ 32.929203831747103, -13.867701746847015 ], [ 32.936570230462692, -13.873418321990012 ], [ 32.946540815192201, -13.8905991865212 ], [ 32.947017958715065, -13.891428625547036 ], [ 32.952569506692832, -13.903651001128384 ], [ 32.947080374074226, -13.912801094932638 ], [ 32.943918806477285, -13.924412575103711 ], [ 32.942960102873457, -13.927939755476185 ], [ 32.944204240616209, -13.930267388769812 ], [ 32.946670117014349, -13.934869145949525 ], [ 32.950420226927946, -13.936969406571757 ], [ 32.962218989315737, -13.933839139423418 ], [ 32.965095120285419, -13.934137843574534 ], [ 32.9742094842101, -13.93507870289983 ], [ 32.986900132944953, -13.938860018013655 ], [ 32.990467411174222, -13.941406178250109 ], [ 33.000241774515679, -13.948389151676061 ], [ 33.001454609267604, -13.951653234986276 ], [ 33.003238304473044, -13.95645121912359 ], [ 33.00342553090438, -13.961079790143168 ], [ 33.003630628932029, -13.966109646388556 ], [ 33.001811368050063, -13.968129589988708 ], [ 33.001303037958031, -13.968695894411688 ], [ 32.997459287569392, -13.972958787779401 ], [ 32.993182980683621, -13.980757799262596 ], [ 32.992438292458679, -13.982108876705801 ], [ 32.991345826645791, -13.990139723493092 ], [ 32.989941234710578, -14.000480385634079 ], [ 32.991711472757807, -14.014281325892179 ], [ 33.001521544598937, -14.024702174592917 ], [ 33.005802219048704, -14.025999799608723 ], [ 33.011630325037842, -14.027770080864913 ], [ 33.016049226799737, -14.032380762528497 ], [ 33.029150132190225, -14.046061322681508 ], [ 33.031821095288251, -14.047109180025885 ], [ 33.038068294768273, -14.049570601957008 ], [ 33.039860866909756, -14.049454696818492 ], [ 33.041131709652497, -14.049369927611115 ], [ 33.041131709652497, -14.04936552291975 ], [ 33.050741093295713, -14.037401707728812 ], [ 33.051958378606976, -14.035885616343581 ], [ 33.05397836591915, -14.033379631470563 ], [ 33.062990214283268, -14.024938519879916 ], [ 33.066602074328031, -14.015079491580567 ], [ 33.069380133774736, -13.990050502603477 ], [ 33.072037734486806, -13.987071817337878 ], [ 33.080782042829071, -13.977270733985582 ], [ 33.092215172543646, -13.96896789126313 ], [ 33.103978305681146, -13.960428702921304 ], [ 33.108843190914996, -13.959416488032454 ], [ 33.11035029702736, -13.95909989476789 ], [ 33.110403855132574, -13.959104373390604 ], [ 33.126122158580884, -13.960589233380729 ], [ 33.127183446520291, -13.96014778141531 ], [ 33.131548877942386, -13.95834185761376 ], [ 33.131861060955011, -13.957739898994273 ], [ 33.142767965894549, -13.937040719716864 ], [ 33.144859283105404, -13.936519032538937 ], [ 33.151730783806215, -13.934811167845655 ], [ 33.167623051489024, -13.944054893743674 ], [ 33.178931337333928, -13.950632054084442 ], [ 33.181232188525172, -13.952674371026244 ], [ 33.183368142483509, -13.954569490825092 ], [ 33.187903030663492, -13.963942512562477 ], [ 33.189169393004853, -13.96655996812146 ], [ 33.189089120215812, -13.978051084932043 ], [ 33.196758819097077, -13.992128431377241 ], [ 33.239748981519639, -13.998175030918825 ], [ 33.240373257129463, -13.998259741124853 ], [ 33.242223774110201, -13.998522833470957 ], [ 33.240899469597579, -13.998732419544643 ], [ 33.208142883324911, -14.003913868470521 ], [ 33.175841150686935, -14.014860990158878 ], [ 33.130171073229953, -14.030325098930241 ], [ 33.084500912723733, -14.045789315032316 ], [ 33.075854728240301, -14.049994255646617 ], [ 33.070080196220623, -14.052798975366183 ], [ 33.054772059111329, -14.058448726793523 ], [ 33.054468907194632, -14.058560122119818 ], [ 33.001204911736629, -14.07819577829668 ], [ 32.947940945554727, -14.097831446960123 ], [ 32.934260421657719, -14.101171306587137 ], [ 32.933435501597934, -14.101501319963393 ], [ 32.932851329585141, -14.101742096136633 ], [ 32.921721402470212, -14.106348328175118 ], [ 32.918167579656426, -14.106865566725077 ], [ 32.914181138936677, -14.107440817263358 ], [ 32.843049558289181, -14.133058377644549 ], [ 32.81076118576442, -14.143407945216138 ], [ 32.794142072679946, -14.148740989966608 ], [ 32.767021861381039, -14.159264487564844 ], [ 32.759378912496373, -14.162229820307994 ], [ 32.690129074619236, -14.186902006754664 ], [ 32.689834821207128, -14.186973338261334 ], [ 32.68924174371881, -14.187120500082532 ], [ 32.683141663641543, -14.188574191766232 ], [ 32.678080628067399, -14.189778121339078 ], [ 32.661844994476908, -14.196560386750281 ], [ 32.654902214928669, -14.199458829374306 ], [ 32.610690200645024, -14.214459257521259 ], [ 32.580479791056952, -14.227323771568125 ], [ 32.568480378901178, -14.232429446126551 ], [ 32.535670342312144, -14.246390841089147 ], [ 32.531888971062592, -14.247278199711577 ], [ 32.527171257234961, -14.248388520861262 ], [ 32.451161425607964, -14.282821718064062 ], [ 32.450537174935377, -14.282946581678699 ], [ 32.449948513340424, -14.283071481342729 ], [ 32.430725348333546, -14.287120269598839 ], [ 32.395881920463374, -14.294459973528291 ], [ 32.358099954430038, -14.299601353586011 ], [ 32.334480146368904, -14.304649053597894 ], [ 32.322538652426317, -14.305358030457539 ], [ 32.321316819528676, -14.305429357023474 ], [ 32.321267776392013, -14.30542938362259 ], [ 32.315109784326879, -14.307899751920544 ], [ 32.306347661467264, -14.309719052085832 ], [ 32.273278974305946, -14.316577158537449 ], [ 32.242328372929244, -14.322998213412083 ], [ 32.205411488691681, -14.335938554431744 ], [ 32.197639239772514, -14.337980781389305 ], [ 32.186817023632152, -14.340830188377602 ], [ 32.182710137948952, -14.341909243052969 ], [ 32.171232456557355, -14.346858893622457 ], [ 32.163990901181421, -14.349980250094031 ], [ 32.159282039163955, -14.349471944570922 ], [ 32.097501183897812, -14.370171024350931 ], [ 32.076061825812424, -14.379851786940847 ], [ 32.056258963732382, -14.388787844588176 ], [ 32.031689339603581, -14.392422011166888 ], [ 31.975651841771469, -14.404430362655688 ], [ 31.951180299622045, -14.41180122878302 ], [ 31.947719977047313, -14.412840228927342 ], [ 31.931850032445421, -14.418860013919392 ], [ 31.872784808070559, -14.449083774134465 ], [ 31.866350326436699, -14.452379082201237 ], [ 31.835328314429717, -14.468249023479363 ], [ 31.828443483870949, -14.471767251475278 ], [ 31.826459168712606, -14.472779475257449 ], [ 31.819882010375082, -14.475116032415107 ], [ 31.810821140811161, -14.478339930713981 ], [ 31.785538002279502, -14.484052034501635 ], [ 31.750971093793137, -14.491859907236286 ], [ 31.748808454274357, -14.494361485109268 ], [ 31.736550389785595, -14.494209892365896 ], [ 31.725300014248702, -14.496796148060639 ], [ 31.711258292400526, -14.500020097042462 ], [ 31.683308707410255, -14.50642781817842 ], [ 31.638891571868538, -14.529080036824324 ], [ 31.605809490035814, -14.550260787124184 ], [ 31.604552048647946, -14.550586317934124 ], [ 31.599887823476774, -14.551790276648317 ], [ 31.595401987362706, -14.5542382741738 ], [ 31.547600381039498, -14.580301714666787 ], [ 31.534972228593038, -14.589099557776029 ], [ 31.533594394604513, -14.589465167991365 ], [ 31.528341555377231, -14.59085195450916 ], [ 31.518049927156191, -14.59659528687121 ], [ 31.490519412534173, -14.611961326437243 ], [ 31.482399388883699, -14.615680280387265 ], [ 31.476517875014615, -14.618369061236576 ], [ 31.472469033686036, -14.620219572045887 ], [ 31.471189206937058, -14.620206275623225 ], [ 31.465160502725265, -14.620130435256549 ], [ 31.427271558929856, -14.627358605303556 ], [ 31.364309054744346, -14.641306689883672 ], [ 31.356220224086002, -14.643099295649096 ], [ 31.325229503337859, -14.649961823869052 ], [ 31.284286052145973, -14.656155469079668 ], [ 31.266788498194551, -14.658799774527909 ], [ 31.2447070737065, -14.664788339991597 ], [ 31.229349906306457, -14.668948702123149 ], [ 31.214728466220794, -14.672908382937882 ], [ 31.188571457944434, -14.679989378156085 ], [ 31.182600693370652, -14.684729418559073 ], [ 31.170770732475074, -14.686629017537589 ], [ 31.130884020675023, -14.699957294234034 ], [ 31.106671080328343, -14.708050518974641 ], [ 31.078458408552542, -14.717468162798999 ], [ 31.071390712901103, -14.716219619089273 ], [ 31.059270884483045, -14.721789015154435 ], [ 31.047900137285229, -14.723461164682551 ], [ 31.047329428512246, -14.723728681527874 ], [ 31.041719822723088, -14.726350668557458 ], [ 31.033947615081509, -14.728018386022541 ], [ 31.028690330253582, -14.729150970371441 ], [ 31.023740714071604, -14.728388461709256 ], [ 30.992237205449626, -14.736758198368671 ], [ 30.983087154917222, -14.73918843424266 ], [ 30.982560953067189, -14.739331084104665 ], [ 30.944301843223531, -14.74948891571117 ], [ 30.900480085638787, -14.759805046155321 ], [ 30.856658225053213, -14.770121196964281 ], [ 30.84092651516557, -14.773822286845883 ], [ 30.798511555203451, -14.783801734659411 ], [ 30.738590150358121, -14.807898678841283 ], [ 30.733729756583909, -14.809651176949295 ], [ 30.686391884649279, -14.826667066031268 ], [ 30.669438383860232, -14.832758169145089 ], [ 30.669438383860232, -14.832762690051505 ], [ 30.665371729945686, -14.836138208393551 ], [ 30.66536725465572, -14.836142672508473 ], [ 30.627612011903082, -14.847482125123687 ], [ 30.620914443977764, -14.850527727996859 ], [ 30.61270974607184, -14.854260001231665 ], [ 30.607608491018002, -14.856578710194135 ], [ 30.594088484653664, -14.860039027001687 ], [ 30.585968534638095, -14.864961859239733 ], [ 30.563989580157035, -14.873380648333372 ], [ 30.551490777924965, -14.87816970600154 ], [ 30.534033398618323, -14.883284248890146 ], [ 30.516580392014045, -14.888398889937664 ], [ 30.509013310364665, -14.892764366266535 ], [ 30.505361306110039, -14.894868996438039 ], [ 30.498507739743868, -14.897923510967138 ], [ 30.492501319608138, -14.900598967141772 ], [ 30.455111731932703, -14.917240291170465 ], [ 30.451499855772159, -14.921079646659377 ], [ 30.44943527824524, -14.922038341980739 ], [ 30.393830259978536, -14.947901113850103 ], [ 30.375837809287944, -14.955218490844869 ], [ 30.364551832950401, -14.959811362051489 ], [ 30.36043605155637, -14.960814656418039 ], [ 30.346978545891147, -14.964109925129618 ], [ 30.338608763327823, -14.963962791488569 ], [ 30.337297837811004, -14.963940531325662 ], [ 30.32182024875879, -14.970339327798085 ], [ 30.313383649127339, -14.971632461848323 ], [ 30.305700644759412, -14.972809613855274 ], [ 30.298789057376851, -14.975681271816715 ], [ 30.259562341957274, -14.985081061876329 ], [ 30.250969611122954, -14.987141162244789 ], [ 30.241578763630297, -14.989388610353087 ], [ 30.231960438318438, -14.992501043849961 ], [ 30.217321224382165, -14.997232108924432 ], [ 30.21772258573121, -14.998422713103949 ], [ 30.218248721240659, -15.000001273531666 ], [ 30.221129353075344, -15.008549331371485 ], [ 30.221129353075344, -15.008553794444362 ], [ 30.227331911280377, -15.017525547170527 ], [ 30.228040887340523, -15.018551102265924 ], [ 30.23430149475108, -15.038180108169822 ], [ 30.232540137385872, -15.043892207331151 ], [ 30.228344129286381, -15.047454991504649 ], [ 30.224861559601255, -15.050420278343887 ], [ 30.221709011664689, -15.059400947531968 ], [ 30.22062101603035, -15.06250889979203 ], [ 30.222351097470963, -15.067547702970188 ], [ 30.22442904959194, -15.073612058261334 ], [ 30.22285942785944, -15.080590563350283 ], [ 30.220830585323505, -15.089620232385212 ], [ 30.221410245224394, -15.096518450204282 ], [ 30.229762154763097, -15.108727533683867 ], [ 30.232700645953354, -15.113021632647072 ], [ 30.233320490712867, -15.118078228253006 ], [ 30.229432149318963, -15.13661916768142 ], [ 30.23170184451968, -15.141711456183286 ], [ 30.23777958917319, -15.145720249269024 ], [ 30.241168494685706, -15.149853798539874 ], [ 30.245418061833643, -15.155039695393032 ], [ 30.24711691711633, -15.162499828188126 ], [ 30.24803997874972, -15.166562072219046 ], [ 30.250751110231271, -15.170735780773487 ], [ 30.257248055481796, -15.180728618820742 ], [ 30.25928135506291, -15.191595441022134 ], [ 30.25966040553017, -15.193619835046883 ], [ 30.259669296390097, -15.193677881476614 ], [ 30.259838750776435, -15.194551790801087 ], [ 30.256298209122935, -15.206890180809992 ], [ 30.255928128109211, -15.214229851438896 ], [ 30.265912027739727, -15.224971785330965 ], [ 30.279628287157724, -15.251151178573178 ], [ 30.298570548076938, -15.264796036254216 ], [ 30.318168315614802, -15.278909120241616 ], [ 30.323010877417399, -15.2861685189798 ], [ 30.325097706869677, -15.289289912111622 ], [ 30.326408667070446, -15.29125193483957 ], [ 30.327104350462889, -15.292295340780186 ], [ 30.327157844113977, -15.292380025114733 ], [ 30.329423033706593, -15.294654179642354 ], [ 30.340410307662697, -15.305690491435062 ], [ 30.350260385534831, -15.311139453056045 ], [ 30.356021592170165, -15.315937478947054 ], [ 30.357020413447621, -15.316771341771421 ], [ 30.357238912830134, -15.317065651642643 ], [ 30.366950856778995, -15.33025121563993 ], [ 30.371155792227984, -15.333537554199269 ], [ 30.371160189894525, -15.333542003815383 ], [ 30.373813359405951, -15.338785879257502 ], [ 30.375730774042676, -15.342571719697453 ], [ 30.379561208865557, -15.366740009049371 ], [ 30.385688015897639, -15.381307903543352 ], [ 30.384229818812447, -15.395880238517579 ], [ 30.383931071506264, -15.398899026329177 ], [ 30.383601103117634, -15.402212185780156 ], [ 30.381853188878956, -15.419571408529285 ], [ 30.381670349091827, -15.421408550511725 ], [ 30.385331229186551, -15.432806074835261 ], [ 30.390419106484266, -15.448649261759957 ], [ 30.401361740405058, -15.472710559255237 ], [ 30.399801013224565, -15.480491716398765 ], [ 30.393968498178246, -15.488879288102035 ], [ 30.380698277343846, -15.51339090326085 ], [ 30.373398667821654, -15.526870818272199 ], [ 30.371722033804826, -15.530794787793504 ], [ 30.365501596610354, -15.545331496571711 ], [ 30.365831611028657, -15.553366775107623 ], [ 30.365831611028657, -15.553371250676067 ], [ 30.380082912491634, -15.566431939668076 ], [ 30.387699001138451, -15.573410426925467 ], [ 30.390071302719406, -15.575582026043262 ], [ 30.403461996275201, -15.595540931695517 ], [ 30.406810728086167, -15.60383936165973 ], [ 30.408219782797811, -15.607330851076636 ], [ 30.418257259335277, -15.617568923025029 ], [ 30.412928595919976, -15.622558609413655 ], [ 30.398276056680203, -15.631717661379618 ], [ 30.389687794128989, -15.637081900047479 ], [ 30.365590785025873, -15.647168463864817 ], [ 30.361778321485339, -15.648769199510753 ], [ 30.359129568046935, -15.649879529356129 ], [ 30.344441302619668, -15.649861709916014 ], [ 30.336909862563434, -15.64698110355755 ], [ 30.324584933081425, -15.64573257391544 ], [ 30.317749135256829, -15.64504146148354 ], [ 30.310132999322697, -15.64519300812537 ], [ 30.286691471191329, -15.645661255560105 ], [ 30.285371575726906, -15.644978974780175 ], [ 30.273309719160444, -15.638771951256475 ], [ 30.273233934633044, -15.638669399996866 ], [ 30.271789179210128, -15.63671180086982 ], [ 30.264520799043868, -15.626910704743482 ], [ 30.263031494629892, -15.626580773374426 ], [ 30.260030476042587, -15.625920792471922 ], [ 30.248699895620309, -15.635837871144606 ], [ 30.225601807058489, -15.656068743788303 ], [ 30.216491816707531, -15.661651594981489 ], [ 30.208929252479106, -15.660371843735909 ], [ 30.208010672630497, -15.659448799071694 ], [ 30.204978459649691, -15.656398781472973 ], [ 30.204438885424441, -15.653981959260772 ], [ 30.203440046441191, -15.649491589430315 ], [ 30.194994527266601, -15.641005944973369 ], [ 30.184600366713454, -15.63055824233197 ], [ 30.173234071826695, -15.624074750817082 ], [ 30.166781798690323, -15.620391556049677 ], [ 30.14697888460681, -15.619370402070352 ], [ 30.144160782828184, -15.619223234859261 ], [ 30.139558971012935, -15.618977953500126 ], [ 30.126948681988107, -15.619776123967551 ], [ 30.12532997160131, -15.619878714905747 ], [ 30.096287841045719, -15.626710069815664 ], [ 30.059549365843793, -15.6272005404656 ], [ 30.046600120651167, -15.629332015522746 ], [ 30.045761804249118, -15.629470249419526 ], [ 30.037967275350208, -15.631949492138238 ], [ 30.030739116379429, -15.634250427941796 ], [ 30.022066102506297, -15.634143422062456 ], [ 30.01860143272339, -15.634098774130953 ], [ 30.012786747007642, -15.634718581116308 ], [ 29.999998039883177, -15.636078606624162 ], [ 29.990161298750092, -15.638589066203238 ], [ 29.98221069680525, -15.640617996244066 ], [ 29.967089826569453, -15.642522077115165 ], [ 29.962077806490811, -15.641010413948177 ], [ 29.934698960079629, -15.623178461449523 ], [ 29.933303228623327, -15.622919842722517 ], [ 29.926850929049536, -15.621729280422461 ], [ 29.908640015636674, -15.623231935813784 ], [ 29.903222139434565, -15.62242930294722 ], [ 29.901750621950676, -15.622210812547859 ], [ 29.897675004520458, -15.620409348890677 ], [ 29.895771007578954, -15.619571081815119 ], [ 29.892029842783533, -15.618072788705696 ], [ 29.877140879393664, -15.612119855717252 ], [ 29.866452426513391, -15.611727483620607 ], [ 29.86078046749255, -15.611517934656327 ], [ 29.841548332340444, -15.609359671621814 ], [ 29.840277485797831, -15.609328494152573 ], [ 29.820929453574077, -15.608829105235108 ], [ 29.796560485249945, -15.61043882288404 ], [ 29.775571472361456, -15.615201154531643 ], [ 29.760530909410004, -15.621220940637604 ], [ 29.7548812125643, -15.624435962844855 ], [ 29.747180423368345, -15.628819176534774 ], [ 29.715699118405247, -15.642031542325517 ], [ 29.708684969351602, -15.642976823895259 ], [ 29.697969773912778, -15.644421568879753 ], [ 29.649427976816035, -15.657941604223742 ], [ 29.636380605357093, -15.660246928647807 ], [ 29.62913010198838, -15.661531180533808 ], [ 29.610161086688791, -15.660960393724174 ], [ 29.606040952103811, -15.659203495254676 ], [ 29.597260922496819, -15.655448973921334 ], [ 29.585221401515817, -15.645572062455383 ], [ 29.580610620821957, -15.643445037140115 ], [ 29.577087944144175, -15.641821923328576 ], [ 29.562149994624733, -15.641170913909798 ], [ 29.544951222043611, -15.64583958920014 ], [ 29.543595664926659, -15.646887456345137 ], [ 29.536768750353261, -15.652180452475475 ], [ 29.513817786090009, -15.678529246914779 ], [ 29.500440513157944, -15.685200070664585 ], [ 29.492280294506863, -15.685565782443446 ], [ 29.474872021488451, -15.686341612932649 ], [ 29.46545437745748, -15.688174339048679 ], [ 29.461891514654447, -15.68886997248581 ], [ 29.434160417449441, -15.688901160168893 ], [ 29.420729639349883, -15.693039172728216 ], [ 29.403740420000041, -15.709631511534635 ], [ 29.399758404489177, -15.711990404295721 ], [ 29.390768886078082, -15.712842042614621 ], [ 29.389573814693438, -15.712628063851062 ], [ 29.374368334422751, -15.709907939838256 ], [ 29.362279665076439, -15.709890172545343 ], [ 29.349098622883883, -15.714937844368091 ], [ 29.343948299603436, -15.718242034931476 ], [ 29.337201673916883, -15.725010929871891 ], [ 29.333812825761797, -15.726995269473392 ], [ 29.329928962065338, -15.729269403501458 ], [ 29.324845586872303, -15.729795588499094 ], [ 29.32188911783301, -15.730098777138922 ], [ 29.317938381552544, -15.731039690902124 ], [ 29.311508393713943, -15.732569123841376 ], [ 29.305399424375747, -15.735431841796059 ], [ 29.3040660977234, -15.736292503575207 ], [ 29.281039300630336, -15.751221536641719 ], [ 29.267479176978647, -15.757763036407939 ], [ 29.266239574605184, -15.758360601331439 ], [ 29.262971095550821, -15.759230071639921 ], [ 29.244060010160489, -15.764251028203924 ], [ 29.233942351204504, -15.763867587023087 ], [ 29.227218029087457, -15.763608916463289 ], [ 29.218611948416648, -15.768108186091911 ], [ 29.213599879550504, -15.770730117695443 ], [ 29.210915514774214, -15.77373556648627 ], [ 29.195709946396764, -15.790760425228388 ], [ 29.181431963550512, -15.800869176076787 ], [ 29.179246987655755, -15.802162336798007 ], [ 29.158681589829317, -15.814331191796775 ], [ 29.147681009119925, -15.822549289341785 ], [ 29.136426201690679, -15.829755245255559 ], [ 29.134080760428422, -15.831257949299639 ], [ 29.11820184449552, -15.845058903023483 ], [ 29.10049478022534, -15.857089551613919 ], [ 29.087041725119462, -15.866230692008548 ], [ 29.064991455588871, -15.879897780765049 ], [ 29.055801267080913, -15.890189459965482 ], [ 29.055221523942134, -15.890840443620577 ], [ 29.043400499019878, -15.90686203667037 ], [ 29.034500078545982, -15.92674065691226 ], [ 29.032475657913135, -15.929161952483046 ], [ 29.026139303372045, -15.936738013880651 ], [ 29.026134863448753, -15.936742468239871 ], [ 29.024970976665973, -15.937290947257919 ], [ 29.015548914091614, -15.941732164330302 ], [ 29.014634845043375, -15.941620721474145 ], [ 29.00066888475267, -15.939979767615137 ], [ 28.993859866218735, -15.938963032098352 ], [ 28.993779575472374, -15.938949685459866 ], [ 28.993694843814577, -15.938936340968354 ], [ 28.986158957879223, -15.937799220783038 ], [ 28.972607736882342, -15.940340956241796 ], [ 28.958762252897309, -15.940305291669745 ], [ 28.952952091034451, -15.940291912539196 ], [ 28.946571064954128, -15.940269596492094 ], [ 28.935311854585233, -15.939319782095293 ], [ 28.931717797765991, -15.939917309783624 ], [ 28.923111715208723, -15.941348676796396 ], [ 28.91562046816782, -15.945045277769573 ], [ 28.914082080543338, -15.945807767953413 ], [ 28.91203084377992, -15.946819980165282 ], [ 28.909578352737654, -15.950587925347307 ], [ 28.907272986631764, -15.958373519503587 ], [ 28.907001053911049, -15.959292146387982 ], [ 28.899839721656299, -15.972401836241938 ], [ 28.897284657749942, -15.976120722773397 ], [ 28.889432129196578, -15.987558347891216 ], [ 28.885615171618241, -15.999250095380583 ], [ 28.885369953841863, -15.999999249750639 ], [ 28.875961175392231, -16.015048743411288 ], [ 28.87578731693436, -16.015311762760291 ], [ 28.868501176526962, -16.0264818148252 ], [ 28.868438687631706, -16.026571055998772 ], [ 28.86010913110578, -16.038427788711026 ], [ 28.855712479391759, -16.042124393151703 ], [ 28.846241289858941, -16.050079451620704 ], [ 28.844091992927243, -16.057031176403896 ], [ 28.844974883140807, -16.058707744969471 ], [ 28.846120917200889, -16.060870425927536 ], [ 28.853237680746556, -16.065543571099983 ], [ 28.85581053178063, -16.067229122162633 ], [ 28.85581053178063, -16.067233582693277 ], [ 28.858539528408581, -16.071050584244148 ], [ 28.857001112289538, -16.074769441149169 ], [ 28.849438510242035, -16.083250636259496 ], [ 28.847859999706749, -16.091794330910112 ], [ 28.847222314648238, -16.095250092271026 ], [ 28.847217869604549, -16.095250095504962 ], [ 28.849670360413253, -16.105037869678519 ], [ 28.859141520948452, -16.111641798628977 ], [ 28.860559465594761, -16.115806535295452 ], [ 28.863078861434619, -16.12322205705285 ], [ 28.853478415058301, -16.142320382798413 ], [ 28.841581538513481, -16.163545701457011 ], [ 28.841581538513481, -16.163550165104809 ], [ 28.841367546158409, -16.164821033287836 ], [ 28.840190271827868, -16.171848552758373 ], [ 28.841817845478349, -16.185792160260878 ], [ 28.841742099264096, -16.186920286971709 ], [ 28.841010773047817, -16.197519572142632 ], [ 28.840359724489442, -16.199191791927987 ], [ 28.835521628283988, -16.211668312751993 ], [ 28.834928613875373, -16.222709045774049 ], [ 28.836275206802917, -16.229027633749862 ], [ 28.837447976190109, -16.234561368530809 ], [ 28.839436712065762, -16.237259118204832 ], [ 28.839441157334029, -16.23725911062305 ], [ 28.84447551869345, -16.238712778645127 ], [ 28.85239039616658, -16.241000297777539 ], [ 28.854838450285925, -16.242663522722971 ], [ 28.857241929722395, -16.244300053591928 ], [ 28.858512771153595, -16.251153652171688 ], [ 28.858682204043248, -16.252049919386788 ], [ 28.858677759322955, -16.252049927974685 ], [ 28.856078108714261, -16.259929174149363 ], [ 28.849982486400826, -16.268075983037342 ], [ 28.847409628791084, -16.271509424677042 ], [ 28.828841863054187, -16.291949937733516 ], [ 28.824248993401653, -16.304480016887315 ], [ 28.822951467470023, -16.313161884232493 ], [ 28.821698388543719, -16.321531619265958 ], [ 28.823999322963871, -16.32542444601096 ], [ 28.826228826847075, -16.329201300468377 ], [ 28.827820802239142, -16.329584810549996 ], [ 28.838928350568626, -16.332260228052156 ], [ 28.843253727154242, -16.337272261659425 ], [ 28.843369656852698, -16.337406055381386 ], [ 28.843369656852698, -16.337410523673476 ], [ 28.840301758539777, -16.360218776162835 ], [ 28.840747704587915, -16.362024756037226 ], [ 28.841661818911245, -16.365681204994182 ], [ 28.848127501289696, -16.374639562527921 ], [ 28.84863138802687, -16.375339593119552 ], [ 28.84870721982362, -16.375972824384785 ], [ 28.84896138496396, -16.378090875341716 ], [ 28.847770743513344, -16.379829949331551 ], [ 28.845719615095732, -16.382835380281833 ], [ 28.843048627401835, -16.386750441066738 ], [ 28.843280487005359, -16.401197928775666 ], [ 28.838941775315625, -16.414178371532842 ], [ 28.837858190032037, -16.416055646657895 ], [ 28.834888427507575, -16.421188124959123 ], [ 28.82881963523063, -16.427181137137364 ], [ 28.824146475631238, -16.431791870966116 ], [ 28.822670496978898, -16.433249945808566 ], [ 28.819152277202569, -16.442306389211385 ], [ 28.819147831368362, -16.442310874643329 ], [ 28.819018457402514, -16.445325222747233 ], [ 28.818599302799242, -16.454720541963543 ], [ 28.820802119361307, -16.471402074305875 ], [ 28.819629403908966, -16.479468567276705 ], [ 28.818911490393276, -16.480917782826022 ], [ 28.816048695524842, -16.486687853030467 ], [ 28.811121465323808, -16.491864821456151 ], [ 28.806149530444699, -16.497082015532957 ], [ 28.802675850236099, -16.502874340717032 ], [ 28.802091782841099, -16.503850905074497 ], [ 28.802087336521804, -16.503850920166194 ], [ 28.795331721744546, -16.507146224963098 ], [ 28.780531981283467, -16.514361022850483 ], [ 28.767738820635213, -16.52665924056819 ], [ 28.766102390081123, -16.528233302709072 ], [ 28.761821600898525, -16.532349024841245 ], [ 28.758365807144362, -16.53309814143714 ], [ 28.754990262724224, -16.533829419611518 ], [ 28.750415266392757, -16.536772430351736 ], [ 28.747784390515466, -16.538466907524203 ], [ 28.747779942678019, -16.538471398822146 ], [ 28.735691321328691, -16.554318992782814 ], [ 28.729350407100913, -16.556588684938244 ], [ 28.696210383384393, -16.562042157781804 ], [ 28.681673766072649, -16.56449024885784 ], [ 28.642250851821721, -16.571138719496055 ], [ 28.618069105994309, -16.580868546620501 ], [ 28.608308162548944, -16.583918491698228 ], [ 28.602520229758301, -16.585728956995577 ], [ 28.580001720240009, -16.595400720406708 ], [ 28.568069195661121, -16.599859860117668 ], [ 28.561202215812823, -16.602428264365319 ], [ 28.495421497047243, -16.628621016903281 ], [ 28.461349544175633, -16.642537877732952 ], [ 28.457528128653799, -16.643804284819399 ], [ 28.449109333316869, -16.646591233985166 ], [ 28.426100379325543, -16.65671784296412 ], [ 28.419331428824332, -16.658898341439908 ], [ 28.415028415303638, -16.660280662405476 ], [ 28.392657093954131, -16.669354932964943 ], [ 28.360511393300097, -16.68238882738595 ], [ 28.340258208723579, -16.689670541362755 ], [ 28.318658337588118, -16.6992799658344 ], [ 28.310453597802738, -16.702138191314347 ], [ 28.306409145696534, -16.703551768711069 ], [ 28.294481090433816, -16.708166896927509 ], [ 28.269710784880399, -16.71774955622103 ], [ 28.237440224842796, -16.743054951717593 ], [ 28.193941719724833, -16.777171507865454 ], [ 28.165831578421628, -16.799810390077734 ], [ 28.15995445269694, -16.80355599211947 ], [ 28.157889845777145, -16.804871435371648 ], [ 28.157921091365633, -16.805790053847812 ], [ 28.1433175423787, -16.818065947173068 ], [ 28.135861917635129, -16.824339890514196 ], [ 28.122208188982864, -16.830172421352895 ], [ 28.098931674281481, -16.840120662726513 ], [ 28.093099179617937, -16.84298786921233 ], [ 28.085540938945041, -16.846697788365361 ], [ 28.064146205443944, -16.855673980682443 ], [ 28.05847869886891, -16.858050659358518 ], [ 28.043460399781424, -16.865831847395111 ], [ 28.015252196585173, -16.878807815275547 ], [ 28.014917686089888, -16.878959397903888 ], [ 27.945128316648493, -16.909959112809236 ], [ 27.924759160044903, -16.919929655749115 ], [ 27.919751590705268, -16.922382130837303 ], [ 27.888907967485899, -16.936098367896232 ], [ 27.879717776256044, -16.939799383738688 ], [ 27.829579659622322, -16.96254078285002 ], [ 27.824607743733594, -16.969728877794559 ], [ 27.821811909618813, -16.973782194709546 ], [ 27.814507872111939, -16.985001281691531 ], [ 27.804809342660302, -16.999096547226962 ], [ 27.804278724997758, -16.999867966035904 ], [ 27.801469431371178, -17.00394805018616 ], [ 27.786558238370102, -17.024330533880892 ], [ 27.748553299326169, -17.07909283020976 ], [ 27.748548825464525, -17.07910171158348 ], [ 27.744120992481392, -17.082660090823065 ], [ 27.744067483819453, -17.083159446224389 ], [ 27.74402283360623, -17.083583094335459 ], [ 27.743750905502853, -17.086111379669809 ], [ 27.734342162276164, -17.098998232401325 ], [ 27.720541236948062, -17.118841253863774 ], [ 27.719207999444528, -17.120758620440633 ], [ 27.716523597244425, -17.124437396781431 ], [ 27.69441088891762, -17.154719112938938 ], [ 27.669591599166008, -17.189986136781965 ], [ 27.650118632261897, -17.217659316025308 ], [ 27.645788913633421, -17.223072693401594 ], [ 27.639978645993938, -17.230332079437598 ], [ 27.63110949333285, -17.245947909339556 ], [ 27.627997106422608, -17.255798019793584 ], [ 27.62760019775293, -17.257059967121936 ], [ 27.62760019775293, -17.257064413899371 ], [ 27.627551132508728, -17.258335236744429 ], [ 27.626788649879721, -17.278900639107356 ], [ 27.619243881348936, -17.326706673002022 ], [ 27.617290755823024, -17.339080647767663 ], [ 27.615257381475125, -17.342215455630267 ], [ 27.608359200675629, -17.352868232484973 ], [ 27.589390193101551, -17.375408993425566 ], [ 27.576918074759057, -17.388211064795499 ], [ 27.571032075305315, -17.394262016728533 ], [ 27.571027597212606, -17.394262024283364 ], [ 27.570068925391173, -17.394279848718114 ], [ 27.55971041279124, -17.408557887493476 ], [ 27.554274776788166, -17.413908879595176 ], [ 27.543648744710847, -17.424369931650855 ], [ 27.501412084019222, -17.454161132377408 ], [ 27.499588293741766, -17.457648176669775 ], [ 27.498232803944564, -17.457567872942761 ], [ 27.496961883623317, -17.457492117224334 ], [ 27.49277034075266, -17.461728283538424 ], [ 27.46956970612349, -17.479551293775547 ], [ 27.458720703721539, -17.488295569149638 ], [ 27.443109397555691, -17.50087911524761 ], [ 27.43894008278707, -17.50407189515046 ], [ 27.403182544725816, -17.531432903238937 ], [ 27.378858152755424, -17.550040766149905 ], [ 27.368009139977932, -17.556051610677056 ], [ 27.362421904619886, -17.561928732458139 ], [ 27.342668070018867, -17.575511119830065 ], [ 27.333535896975711, -17.581780593828075 ], [ 27.322209743990143, -17.589561755103851 ], [ 27.316100810889985, -17.594961760823573 ], [ 27.310981775050536, -17.599492141266442 ], [ 27.307111269446082, -17.606929987874434 ], [ 27.282269569369181, -17.638745682141099 ], [ 27.267260290490043, -17.65796886104491 ], [ 27.259131335896811, -17.667578186845603 ], [ 27.25607678198557, -17.671591348851795 ], [ 27.232028861869125, -17.703148453200427 ], [ 27.227217480661906, -17.709716731556622 ], [ 27.218152182412616, -17.722090730019818 ], [ 27.204449344426834, -17.738950529410076 ], [ 27.188392091170805, -17.757478169783763 ], [ 27.182296507098648, -17.763997349101139 ], [ 27.147100861420785, -17.801632138248529 ], [ 27.144438738724318, -17.809747731497854 ], [ 27.143760995900827, -17.811821150207869 ], [ 27.147961421546576, -17.825729120033881 ], [ 27.149722830034907, -17.839400750160419 ], [ 27.149758461935232, -17.839699511372519 ], [ 27.149508769228216, -17.848671212229963 ], [ 27.140131250569432, -17.856929420747168 ], [ 27.114366565602214, -17.877499259350294 ], [ 27.096869078350704, -17.891469687492911 ], [ 27.091437922245948, -17.894809511016632 ], [ 27.091437922245948, -17.894813986935418 ], [ 27.091290775588313, -17.894961156679756 ], [ 27.086751352910404, -17.899518311023392 ], [ 27.075260321547574, -17.913720562073355 ], [ 27.074190078204282, -17.915036024279985 ], [ 27.068379871632271, -17.922219609547053 ], [ 27.0572812090513, -17.939021523306014 ], [ 27.056224342341242, -17.939891016566449 ], [ 27.05328133990146, -17.942321266157713 ], [ 27.045848087349697, -17.952140194327534 ], [ 27.045000841945249, -17.956527911631298 ], [ 27.043721032407991, -17.957981637028773 ], [ 27.037768180806914, -17.964728255609653 ], [ 27.029358288358353, -17.961201036151479 ], [ 27.011321251234918, -17.953620635316128 ], [ 26.999419918255771, -17.957558010683879 ], [ 26.9939039543071, -17.960973663758562 ], [ 26.984758356696609, -17.966627840781065 ], [ 26.978078664913067, -17.968621001551192 ], [ 26.970649760719319, -17.969017860544035 ], [ 26.964166268000689, -17.966815095868661 ], [ 26.960478599919611, -17.965562045796243 ], [ 26.940198605949892, -17.97060979226001 ], [ 26.934664839449432, -17.973160388206658 ], [ 26.927619418298015, -17.976411079342785 ], [ 26.924056637457266, -17.977347448816424 ], [ 26.917443776279459, -17.979082028355229 ], [ 26.911401650374941, -17.980669540422888 ], [ 26.899803569294981, -17.985610200715893 ], [ 26.892619960501037, -17.988669168562165 ], [ 26.886827590589846, -17.987144149387266 ], [ 26.885369431233894, -17.986760643312131 ], [ 26.883438653456633, -17.986577848288054 ], [ 26.877427834208071, -17.986020441336603 ], [ 26.864977981427362, -17.99251732628322 ], [ 26.862730570347619, -17.993690129195539 ], [ 26.858641563222665, -17.993320023433228 ], [ 26.853968446032738, -17.992227497406265 ], [ 26.832560284155445, -17.987228889561091 ], [ 26.828560508017169, -17.990528576402834 ], [ 26.827418998322017, -17.993079150322789 ], [ 26.827249555667674, -18.000231553539209 ], [ 26.82711130474782, -18.006090874843608 ], [ 26.827057820133781, -18.00824902804111 ], [ 26.826674348553954, -18.008958072984072 ], [ 26.824529466150178, -18.012899900528136 ], [ 26.817328076462825, -18.013060446016375 ], [ 26.811094189125981, -18.016333396012854 ], [ 26.805939451703892, -18.019040097865808 ], [ 26.79728885680683, -18.025858000396546 ], [ 26.7960402891031, -18.02683902161953 ], [ 26.783599354679748, -18.024587232645167 ], [ 26.780121326634159, -18.02395846318619 ], [ 26.776451463638121, -18.022304141120145 ], [ 26.774302132821969, -18.021332033107175 ], [ 26.774297727142457, -18.021332022264509 ], [ 26.77283962279035, -18.021604058210634 ], [ 26.763301600064647, -18.023401066762993 ], [ 26.746120627295451, -18.028359628961461 ], [ 26.735985142404534, -18.034116321742154 ], [ 26.733091169968041, -18.035761727597809 ], [ 26.72684392404512, -18.042000014272059 ], [ 26.716191149579934, -18.052648345256625 ], [ 26.706760142327578, -18.060429449085142 ], [ 26.697583364499003, -18.073285057045634 ], [ 26.695991458995866, -18.075519018782504 ], [ 26.693828755481107, -18.077017336353052 ], [ 26.690288244558971, -18.07946978609078 ], [ 26.677637810982922, -18.075621596003426 ], [ 26.669187749926259, -18.071309661116018 ], [ 26.666619359090451, -18.06999870870364 ], [ 26.664817905763897, -18.068696633380018 ], [ 26.661990748158725, -18.066649931105545 ], [ 26.653286589416215, -18.062360283716778 ], [ 26.650811847032497, -18.061138421255581 ], [ 26.620271477985053, -18.061321255805531 ], [ 26.610390065402573, -18.055635881694585 ], [ 26.609841560306432, -18.055319305983101 ], [ 26.601998044559299, -18.052750882295904 ], [ 26.601342531418876, -18.045924039470947 ], [ 26.600918898866627, -18.041531800326517 ], [ 26.600869858936949, -18.041032400431639 ], [ 26.600869858936949, -18.04102790739995 ], [ 26.596491045644449, -18.028341785482425 ], [ 26.596486636461506, -18.02833727662242 ], [ 26.588580569898244, -18.025768832884829 ], [ 26.582948792582947, -18.023940592667866 ], [ 26.579457298054628, -18.020993177775271 ], [ 26.576839834536571, -18.018781429174506 ], [ 26.572131006475427, -18.001422203577718 ], [ 26.568871351805662, -17.995290889033104 ], [ 26.568866942092711, -17.995286461425714 ], [ 26.561906239187245, -17.990452793231889 ], [ 26.561790323179114, -17.990368053156878 ], [ 26.550406239889032, -17.990180784262176 ], [ 26.524329381575058, -17.989748212457751 ], [ 26.517426741206112, -17.988321337245978 ], [ 26.514189445783433, -17.987647984013172 ], [ 26.500812123794372, -17.979420986571181 ], [ 26.500807622758693, -17.979420979582287 ], [ 26.500156682078998, -17.979367441347812 ], [ 26.485169598755935, -17.978118945760833 ], [ 26.482962312051253, -17.975675315260357 ], [ 26.478039459825691, -17.97022187165696 ], [ 26.471533655964759, -17.968982233853943 ], [ 26.469041015897663, -17.968509549819682 ], [ 26.46884924555405, -17.968402537481452 ], [ 26.468318680101593, -17.968108260263993 ], [ 26.461589856948862, -17.967987869343187 ], [ 26.457041561332417, -17.9685185042444 ], [ 26.454526617381408, -17.966672432918205 ], [ 26.439289885216059, -17.955488967550835 ], [ 26.424610566487999, -17.952960641657548 ], [ 26.424606063988065, -17.952956218371057 ], [ 26.414831740900109, -17.942548613694246 ], [ 26.414827238211529, -17.942548686314055 ], [ 26.406132027246205, -17.939240001578117 ], [ 26.40211886989329, -17.939775083050154 ], [ 26.392478260954526, -17.941059346218996 ], [ 26.388429387421347, -17.942731480745245 ], [ 26.384866617054957, -17.942597726450341 ], [ 26.379537943048518, -17.942401489207032 ], [ 26.369085779669863, -17.93808065421603 ], [ 26.357059631998329, -17.933108705646596 ], [ 26.349505948999887, -17.93215897508956 ], [ 26.348881614164142, -17.932078708516865 ], [ 26.346402364546368, -17.932341768685315 ], [ 26.341220926615868, -17.932890203164895 ], [ 26.337100648740616, -17.93505289934042 ], [ 26.336436284589531, -17.935400680530613 ], [ 26.333132092849354, -17.937139782763477 ], [ 26.327362012440048, -17.936537805737512 ], [ 26.321801520700561, -17.934098686019436 ], [ 26.316530813155826, -17.934870073396329 ], [ 26.311300352013301, -17.937929036472546 ], [ 26.308245826345093, -17.937563407778864 ], [ 26.306248165132171, -17.937318088654553 ], [ 26.299135895965666, -17.928172532537246 ], [ 26.294239777126851, -17.921880740417027 ], [ 26.289401674489461, -17.919428250039516 ], [ 26.289397259548316, -17.91942822190428 ], [ 26.288340463140415, -17.919495057450753 ], [ 26.274459233124102, -17.920320077762518 ], [ 26.269019172981135, -17.920649973297778 ], [ 26.267659071385978, -17.920542975305647 ], [ 26.259168942790662, -17.919878583720013 ], [ 26.257893672377651, -17.920404736557963 ], [ 26.252248412185374, -17.922727937869404 ], [ 26.243789559721264, -17.918491771914642 ], [ 26.234238147175059, -17.906688538126588 ], [ 26.227741215102821, -17.905408781706715 ], [ 26.227322049387389, -17.905069917023347 ], [ 26.223852887183646, -17.902251726913384 ], [ 26.223848471056726, -17.90225177970737 ], [ 26.225360045137787, -17.897565269112665 ], [ 26.227050055428521, -17.892330269672343 ], [ 26.225788136513881, -17.888450847480211 ], [ 26.208272823569981, -17.892740520174517 ], [ 26.207858131276016, -17.892838632166605 ], [ 26.190052926141895, -17.904579401628329 ], [ 26.190048419267164, -17.904579383096085 ], [ 26.187939283640269, -17.9054444785193 ], [ 26.172546440582966, -17.911767464161652 ], [ 26.167859999392096, -17.913689381046787 ], [ 26.158705463517581, -17.914460748382265 ], [ 26.145189895037358, -17.915597857742881 ], [ 26.128111496515661, -17.925550563536849 ], [ 26.120401719621388, -17.927374334401712 ], [ 26.111389895520766, -17.929510266216578 ], [ 26.103969949506695, -17.930789999531783 ], [ 26.101084902084079, -17.932890227221776 ], [ 26.097820834629125, -17.935271412583937 ], [ 26.094619214127089, -17.943592074899218 ], [ 26.099778432561411, -17.949701032146095 ], [ 26.101669109715072, -17.951217151801306 ], [ 26.105379008539234, -17.954200259589832 ], [ 26.102275497585868, -17.958231307807914 ], [ 26.096960244167228, -17.965138475847585 ], [ 26.093972681327784, -17.975550448609415 ], [ 26.091328372043737, -17.984758540990139 ], [ 26.086093414896094, -17.983099706219303 ], [ 26.07346077516716, -17.979099905619901 ], [ 26.072756293153802, -17.979264879236553 ], [ 26.067940386701306, -17.980401967432858 ], [ 26.062941768498558, -17.981579141322769 ], [ 26.061737821660092, -17.981369576898484 ], [ 26.05932991093314, -17.980950409907443 ], [ 26.053822924666573, -17.977579355518621 ], [ 26.049858755356638, -17.975149176013918 ], [ 26.045867918784946, -17.974792412551228 ], [ 26.045528987922694, -17.974761230572447 ], [ 26.042082113100815, -17.977708635871032 ], [ 26.036209476024041, -17.982729626615932 ], [ 26.034256349968121, -17.982827713266548 ], [ 26.029739345134406, -17.983050706058044 ], [ 26.019590428543527, -17.978591598407956 ], [ 26.01947001373652, -17.978582639419798 ], [ 26.014301865347587, -17.978199159054448 ], [ 26.004804061517678, -17.983081841980201 ], [ 26.001910046087819, -17.98457125571915 ], [ 25.994980622331894, -17.98650203668543 ], [ 25.992612859794342, -17.988468471426014 ], [ 25.991899405614536, -17.989061520051457 ], [ 25.989888300394735, -17.999420045236786 ], [ 25.984229716749489, -18.002684121692855 ], [ 25.981317970273736, -18.004360728526663 ], [ 25.974379606079864, -18.006059656465091 ], [ 25.970531404871366, -18.005649356474724 ], [ 25.968431090817344, -18.004213545316578 ], [ 25.962255270068425, -17.999981892569668 ], [ 25.961318892617744, -17.999339726292312 ], [ 25.958429354427192, -17.998920613361886 ], [ 25.953671488870803, -18.001511354506537 ], [ 25.951901251326635, -18.000869258216923 ], [ 25.939669945826608, -17.996410156316056 ], [ 25.927451964947359, -17.997939643944743 ], [ 25.920281716563075, -18.000561567166994 ], [ 25.918877149708827, -18.000418871338198 ], [ 25.916192787402903, -18.0001512884667 ], [ 25.916188275695237, -18.000151347908222 ], [ 25.914957569113454, -17.99800646879228 ], [ 25.91028888077059, -17.989890919623285 ], [ 25.901558025193783, -17.987228801903484 ], [ 25.897130132948789, -17.985882196345628 ], [ 25.890031255345516, -17.983719513815512 ], [ 25.882838693303647, -17.984731758564362 ], [ 25.87672972220475, -17.976767755273631 ] ] ] } }
]
}
