{
"type": "FeatureCollection",
"crs": { "type": "name", "properties": { "name": "urn:ogc:def:crs:OGC:1.3:CRS84" } },
"features": [
{ "type": "Feature", "properties": { "ADM0_CODE": 270, "ADM0_NAME": "Zambia", "DISP_AREA": "NO", "EXP0_YEAR": 3000, "STATUS": "Member State", "STR0_YEAR": 1000, "Shape_Area": 62.744280771600003, "Shape_Leng": 54.196570600500003 }, "geometry": { "type": "Polygon", "coordinates": [ [ [ 21.999211380681022, -16.20593835599011 ], [ 22.000455473040887, -16.207855809829315 ], [ 22.002823213318191, -16.209322860395542 ], [ 22.004531063539613, -16.209532384144111 ], [ 22.011054707412082, -16.210335071448583 ], [ 22.017368836177774, -16.210673909640629 ], [ 22.028984758598774, -16.218004721596241 ], [ 22.028534466483325, -16.22183952689366 ], [ 22.028645902413473, -16.225108043713195 ], [ 22.030790747635983, -16.234017301696078 ], [ 22.03518741127963, -16.235372869197551 ], [ 22.041617469007157, -16.233905854096815 ], [ 22.044324119817837, -16.234806598299699 ], [ 22.04984893916993, -16.240786243537531 ], [ 22.049509994653288, -16.244621057081485 ], [ 22.052216728342536, -16.250257401844909 ], [ 22.059208557306661, -16.2530755451257 ], [ 22.060109313016962, -16.256460009178806 ], [ 22.058985597025192, -16.259278114631542 ], [ 22.060265412446416, -16.261926820072958 ], [ 22.060675673701429, -16.262774105551248 ], [ 22.071613796561341, -16.271010062394627 ], [ 22.072291588747259, -16.275745562918779 ], [ 22.075350520526172, -16.276833653549961 ], [ 22.080523051202487, -16.278675214273417 ], [ 22.080295635465859, -16.28296487601726 ], [ 22.073477701880361, -16.287455210831386 ], [ 22.070713044947357, -16.289278937202692 ], [ 22.071051986670241, -16.290630078902392 ], [ 22.071921445650968, -16.290812937446344 ], [ 22.080184201745567, -16.292547524279467 ], [ 22.080750466912168, -16.296270858675324 ], [ 22.085709033934588, -16.304729770841465 ], [ 22.089994261046215, -16.304390847704727 ], [ 22.091911640271356, -16.30630826925848 ], [ 22.094506803965881, -16.316118312560135 ], [ 22.094734218364021, -16.322320914558038 ], [ 22.09800279761647, -16.33021351064107 ], [ 22.106234262991222, -16.3334864789542 ], [ 22.111875014943333, -16.333825401120759 ], [ 22.112436906212814, -16.341151721922159 ], [ 22.116837973730362, -16.346792493107198 ], [ 22.119995089932523, -16.349160274904634 ], [ 22.122135398797596, -16.353784306431653 ], [ 22.122251378756793, -16.356152143457511 ], [ 22.118978376559209, -16.356602487522533 ], [ 22.122135398797596, -16.36337138073818 ], [ 22.12439168547489, -16.367768100176189 ], [ 22.126309127114972, -16.373743226995941 ], [ 22.124958030905962, -16.376788861049636 ], [ 22.121421962736811, -16.378559052474298 ], [ 22.121346189132925, -16.378594762797547 ], [ 22.118077642893564, -16.383557708711717 ], [ 22.120445456419496, -16.387504065588391 ], [ 22.12334386418889, -16.387080394336717 ], [ 22.126648060833869, -16.386603299277969 ], [ 22.12732583716452, -16.388181800452809 ], [ 22.12743726863004, -16.394946318378953 ], [ 22.12743726863004, -16.39979778384247 ], [ 22.129805072247553, -16.404421837333299 ], [ 22.13465656021387, -16.407578922319008 ], [ 22.134879513362712, -16.409157464609738 ], [ 22.136235060741924, -16.419984143535519 ], [ 22.135780240219127, -16.422574862985858 ], [ 22.133189489723012, -16.427198948807053 ], [ 22.132716839564221, -16.427524500008751 ], [ 22.129577661334878, -16.429682707284837 ], [ 22.129466139004766, -16.432612293484663 ], [ 22.133176117976614, -16.435341275137699 ], [ 22.137586241015281, -16.438591936306029 ], [ 22.133528422390878, -16.442087892451955 ], [ 22.133029028829124, -16.44227962024237 ], [ 22.125631350478894, -16.445129015345955 ], [ 22.12743726863004, -16.450997212957578 ], [ 22.129256648035721, -16.452722867006397 ], [ 22.134090308234537, -16.4573112399172 ], [ 22.13668542394106, -16.456410563213726 ], [ 22.137925082037022, -16.459001278199437 ], [ 22.137474719098396, -16.462613176826846 ], [ 22.135445856107822, -16.466332043316889 ], [ 22.137024356069936, -16.472311682527028 ], [ 22.143565844894677, -16.477836500262157 ], [ 22.141759940047582, -16.482121725837665 ], [ 22.138205978929175, -16.484913105108138 ], [ 22.137024356069936, -16.485840616240864 ], [ 22.12833799852276, -16.485956566968881 ], [ 22.12089582282562, -16.48945244805158 ], [ 22.12191244436416, -16.491253980699376 ], [ 22.127664679767296, -16.494076532875646 ], [ 22.130371416295219, -16.49260950925888 ], [ 22.131388033512867, -16.492529277064712 ], [ 22.137697671959778, -16.49204317900934 ], [ 22.142660664047355, -16.496783270795959 ], [ 22.146495513640698, -16.496444343697647 ], [ 22.149541065929736, -16.491931719758927 ], [ 22.151797324247216, -16.492270625531233 ], [ 22.152247684176487, -16.497572541492168 ], [ 22.153910949635936, -16.500065118659226 ], [ 22.157210733441833, -16.505014740276014 ], [ 22.159306524622131, -16.505986845019116 ], [ 22.166458850987677, -16.509299910425469 ], [ 22.16758260511293, -16.511667748448456 ], [ 22.166570371377428, -16.51426291588896 ], [ 22.166374164613956, -16.514298608281834 ], [ 22.161946272512694, -16.515163665796145 ], [ 22.160256270279845, -16.517642952936548 ], [ 22.1594625263598, -16.520238119083476 ], [ 22.160818149098677, -16.522717382077165 ], [ 22.166570371377428, -16.521366245515829 ], [ 22.172447469173491, -16.523716210370466 ], [ 22.175029257151067, -16.524750685251544 ], [ 22.177397098506805, -16.527457425022384 ], [ 22.176607818360321, -16.529597739699554 ], [ 22.177539727402131, -16.53232674045077 ], [ 22.178070401433956, -16.533882997740179 ], [ 22.178587612899708, -16.534101430889905 ], [ 22.182921868918683, -16.535911822705067 ], [ 22.182921868918683, -16.538689834316475 ], [ 22.182921868918683, -16.540085555127746 ], [ 22.17976484611436, -16.542230421667274 ], [ 22.176607818360321, -16.541102275696563 ], [ 22.175479612040789, -16.543697442993334 ], [ 22.181454832231431, -16.546854455988058 ], [ 22.189013043206025, -16.546738535344616 ], [ 22.192379626949172, -16.547594656705943 ], [ 22.204124921126162, -16.550573410674698 ], [ 22.211116813825758, -16.555763791989619 ], [ 22.210880406824501, -16.556981087415913 ], [ 22.210550492110208, -16.558693375961624 ], [ 22.219009370670378, -16.570875678273072 ], [ 22.217881279820293, -16.572226795134352 ], [ 22.219120888086703, -16.57470601250261 ], [ 22.224507462187312, -16.574447370940426 ], [ 22.228480504274085, -16.574255689251551 ], [ 22.232462451890278, -16.577475140665189 ], [ 22.233782367800359, -16.578540824312814 ], [ 22.234464655982407, -16.577662438701243 ], [ 22.238067562698401, -16.573016037057524 ], [ 22.243708312252007, -16.573354955621838 ], [ 22.245170934806602, -16.576623474741062 ], [ 22.244158741917495, -16.578540843725406 ], [ 22.244176569900588, -16.578572089233045 ], [ 22.247101722097025, -16.58390069006272 ], [ 22.258802373956982, -16.588676404883291 ], [ 22.262507923533796, -16.594722972229256 ], [ 22.262115529868602, -16.598526558465437 ], [ 22.264652716330623, -16.601839634687508 ], [ 22.269374980448561, -16.604653305786503 ], [ 22.283960643546994, -16.613344151191075 ], [ 22.286199095243319, -16.621731672471906 ], [ 22.294292424035785, -16.620951366081886 ], [ 22.297315633400128, -16.627189650142039 ], [ 22.298662332328874, -16.62821522368883 ], [ 22.299754807610007, -16.629044668436933 ], [ 22.300075882964784, -16.628750370297709 ], [ 22.302876148576662, -16.626217596549008 ], [ 22.305212716325457, -16.626311178651527 ], [ 22.3078480704302, -16.627970032313936 ], [ 22.305667586713735, -16.630877363165826 ], [ 22.30433872086153, -16.632652046732847 ], [ 22.30424067035014, -16.634796863002656 ], [ 22.306385501271468, -16.636843622571678 ], [ 22.308432188166787, -16.637918213383653 ], [ 22.312525645222262, -16.637137924699424 ], [ 22.317867634381237, -16.639260426000106 ], [ 22.323058074984967, -16.641329437233978 ], [ 22.330469062873259, -16.649030310835634 ], [ 22.330665251661443, -16.658488057035314 ], [ 22.330567202749055, -16.658639700686209 ], [ 22.327249635013448, -16.663754301282591 ], [ 22.328324263949924, -16.666483259229086 ], [ 22.33475874295172, -16.671553284585634 ], [ 22.338910161294606, -16.671383826722813 ], [ 22.339534469342592, -16.671361483816085 ], [ 22.344412685934586, -16.672726000172723 ], [ 22.346945470615783, -16.673894251671836 ], [ 22.354160250608729, -16.683062165221632 ], [ 22.353848190521564, -16.684288430604518 ], [ 22.350066810297847, -16.699150600743906 ], [ 22.356104462673098, -16.699712444726075 ], [ 22.368884211698738, -16.70090308882672 ], [ 22.371029045171284, -16.699248698147354 ], [ 22.374930793354867, -16.70178148771539 ], [ 22.371969944139231, -16.706360975587344 ], [ 22.370641134503597, -16.708412213922813 ], [ 22.376000932349854, -16.726159376534874 ], [ 22.37844007510073, -16.726257490925462 ], [ 22.384192299616284, -16.719916633929351 ], [ 22.391117313272982, -16.721869748352088 ], [ 22.396187268309411, -16.725280970262052 ], [ 22.40076680200443, -16.733178002558333 ], [ 22.411004942934451, -16.743219908490833 ], [ 22.413961256241805, -16.743349218730195 ], [ 22.417635607203039, -16.743514186031689 ], [ 22.419098159940567, -16.745757145608856 ], [ 22.417929918664278, -16.747638898727804 ], [ 22.414322507211544, -16.753458005385443 ], [ 22.416369230488634, -16.755504731770699 ], [ 22.42095315592131, -16.756677520031495 ], [ 22.425630743496399, -16.763794210984305 ], [ 22.425826919717153, -16.767499725553773 ], [ 22.43704156841078, -16.778321998458679 ], [ 22.437233377516694, -16.781541385696674 ], [ 22.445817102910972, -16.794410393359136 ], [ 22.450396565306704, -16.797335585458736 ], [ 22.461406110376185, -16.79674250930891 ], [ 22.472045507471517, -16.805901507106462 ], [ 22.481507719798341, -16.810512215809336 ], [ 22.489458369776106, -16.814387152632403 ], [ 22.495099088212068, -16.817133970290488 ], [ 22.482983754370807, -16.832210215870131 ], [ 22.484165399319618, -16.844918633631643 ], [ 22.492142679656347, -16.849350963257695 ], [ 22.515789300236818, -16.868859588544463 ], [ 22.524359686951684, -16.880386343229166 ], [ 22.533228847338282, -16.888368157641615 ], [ 22.54386828154302, -16.894276388000137 ], [ 22.54682465877449, -16.903145618122949 ], [ 22.54653037638273, -16.909352663745203 ], [ 22.557169785138196, -16.914672350107224 ], [ 22.559662430945526, -16.909397267856889 ], [ 22.573935978908036, -16.90644531825976 ], [ 22.577873410097101, -16.916290963907162 ], [ 22.589195019718371, -16.926627241308367 ], [ 22.606915486870552, -16.936963426012415 ], [ 22.617430038542135, -16.947910507123872 ], [ 22.630544286941916, -16.961577615813987 ], [ 22.637990996624943, -16.970589454323587 ], [ 22.639899496632317, -16.972899275624133 ], [ 22.651221121947156, -16.99160073080655 ], [ 22.661062363846423, -16.995538177320871 ], [ 22.673860017876709, -17.009321217254545 ], [ 22.690599460446212, -17.023599253972765 ], [ 22.688138021662695, -17.030983523404313 ], [ 22.68979237830489, -17.031870910135027 ], [ 22.713733246144013, -17.044766633298781 ], [ 22.714094497176635, -17.045604933603023 ], [ 22.718165632058501, -17.055102840577494 ], [ 22.723471976650902, -17.058643311713244 ], [ 22.734405637956094, -17.065929535511252 ], [ 22.735052203175599, -17.069800026176718 ], [ 22.735654214939419, -17.073420780548911 ], [ 22.735886072566654, -17.074789756169569 ], [ 22.741299432955795, -17.083159527818367 ], [ 22.756567375459742, -17.095448785937059 ], [ 22.76148136973066, -17.09940397214805 ], [ 22.763554848672715, -17.100839851605105 ], [ 22.787076547679249, -17.117124459000287 ], [ 22.788128944102958, -17.119799921265496 ], [ 22.793475372933695, -17.133368953689523 ], [ 22.802830551452558, -17.142229181785893 ], [ 22.796922296282567, -17.159454677692633 ], [ 22.803035663188492, -17.164591569830076 ], [ 22.819137522927761, -17.178116065857424 ], [ 22.833839193150446, -17.190467757229722 ], [ 22.84565574646583, -17.205726798183786 ], [ 22.857958441099452, -17.21311108379399 ], [ 22.863376290603632, -17.228370066456375 ], [ 22.878635261560969, -17.235754361939062 ], [ 22.898322243430744, -17.249537467898911 ], [ 22.906691998191214, -17.259873626659616 ], [ 22.918013602997515, -17.266272512792884 ], [ 22.931306163648443, -17.26922441615373 ], [ 22.965266737399364, -17.270704783848782 ], [ 22.970189597512132, -17.27907004652079 ], [ 22.976097882083984, -17.273166204279718 ], [ 22.979932695053012, -17.265492159816233 ], [ 22.980530181436809, -17.264301579082748 ], [ 22.996279740885079, -17.271685785084252 ], [ 22.994790370382049, -17.277638711029901 ], [ 22.993327812281578, -17.283502473084045 ], [ 22.99874117306598, -17.29334369611869 ], [ 23.005630489442968, -17.300727927003528 ], [ 23.010776259450701, -17.304803535199063 ], [ 23.029259257139046, -17.319433898771464 ], [ 23.038119524527726, -17.333707456777141 ], [ 23.052986125113183, -17.343798412035692 ], [ 23.061690339218863, -17.349702267751496 ], [ 23.06568561964847, -17.35241337157392 ], [ 23.073069976728636, -17.366196462945126 ], [ 23.070746745323632, -17.37837874433481 ], [ 23.069132540302395, -17.38687334983706 ], [ 23.08260795870676, -17.405565899373279 ], [ 23.084391551234763, -17.408036212999765 ], [ 23.092266338998819, -17.416405980767838 ], [ 23.098723126385089, -17.421426869401241 ], [ 23.109986790807778, -17.43018900488218 ], [ 23.114419156546102, -17.427727611697147 ], [ 23.119341997515775, -17.42772758027408 ], [ 23.122293905287346, -17.431174509147592 ], [ 23.123279447281998, -17.439539780111051 ], [ 23.127216785450511, -17.445448041793824 ], [ 23.129562292361651, -17.445742337615396 ], [ 23.129807494112086, -17.445773565120799 ], [ 23.139028947818751, -17.446923994412987 ], [ 23.142966384370759, -17.454798816277091 ], [ 23.142092379779946, -17.457032852133956 ], [ 23.138538459445055, -17.466120452183066 ], [ 23.141793562126697, -17.467939762382539 ], [ 23.149039674386568, -17.471984168692625 ], [ 23.159705775951881, -17.477937089652627 ], [ 23.168071056994439, -17.478427550969066 ], [ 23.169056537822801, -17.474980710058588 ], [ 23.169252743220834, -17.474980723434502 ], [ 23.178407270228981, -17.474980655252374 ], [ 23.194161308901837, -17.487287819741152 ], [ 23.193175862389118, -17.49368665538012 ], [ 23.206958904002644, -17.5035322980541 ], [ 23.211226292935297, -17.514916374723597 ], [ 23.212867177103007, -17.519286335361521 ], [ 23.215163608852542, -17.520463491824113 ], [ 23.229147408876305, -17.527647150744052 ], [ 23.272726143143142, -17.523562617274127 ], [ 23.33128305452091, -17.537862922868914 ], [ 23.363963891812524, -17.552841024512379 ], [ 23.401415814555705, -17.587568547459632 ], [ 23.416393984525026, -17.597097606355256 ], [ 23.424563034522649, -17.605271138281392 ], [ 23.427483731946641, -17.611331090632888 ], [ 23.426422504104522, -17.620334007784756 ], [ 23.430622982670027, -17.631521853310502 ], [ 23.429891700453229, -17.634460423022499 ], [ 23.476800017799896, -17.625193851798997 ], [ 23.523708340635267, -17.6159273109655 ], [ 23.570616668240692, -17.606660715604264 ], [ 23.617525090690243, -17.597394138577641 ], [ 23.664433425616938, -17.588127602379451 ], [ 23.711341763112816, -17.578861010665378 ], [ 23.758250102450241, -17.569594447562643 ], [ 23.805158442883606, -17.560327912622096 ], [ 23.852066783685284, -17.551061320917004 ], [ 23.898975124127634, -17.541794756421883 ], [ 23.945883463456074, -17.532528218588755 ], [ 23.992791891681794, -17.523261610902637 ], [ 24.03970022655459, -17.513995040343886 ], [ 24.086608558058703, -17.504728494704402 ], [ 24.133516885457517, -17.495461889066441 ], [ 24.180425207960511, -17.486195307081118 ], [ 24.24723153533413, -17.472996351817045 ], [ 24.249291611555876, -17.472563855794498 ], [ 24.253594666560765, -17.480532262357258 ], [ 24.253893416418165, -17.48109413343261 ], [ 24.258013585615235, -17.484902210203167 ], [ 24.260537417919874, -17.487243235563085 ], [ 24.269317386701935, -17.490935385150465 ], [ 24.272514625302865, -17.490605407302578 ], [ 24.275912447196447, -17.486547641049956 ], [ 24.278008207573517, -17.484046049010541 ], [ 24.288754654960897, -17.483800781988521 ], [ 24.312133748949329, -17.48593226788833 ], [ 24.322969370711558, -17.490525093092224 ], [ 24.327227787181322, -17.492331014935445 ], [ 24.338464715881642, -17.488554157324941 ], [ 24.346321616769057, -17.484741635807143 ], [ 24.355360205149491, -17.480353947797436 ], [ 24.367992878637114, -17.477401966462828 ], [ 24.380786007916196, -17.471083468704819 ], [ 24.388500298961553, -17.468951974244064 ], [ 24.407362269071523, -17.472314119079016 ], [ 24.432137084518008, -17.479613709494039 ], [ 24.453380243035429, -17.479288175054904 ], [ 24.473392647638835, -17.485602233248951 ], [ 24.481022128846014, -17.492901861734577 ], [ 24.491768580347678, -17.498645157849605 ], [ 24.507763395265638, -17.511193094882429 ], [ 24.521216501809047, -17.514804932927454 ], [ 24.525153877563074, -17.513819506842424 ], [ 24.534419903625981, -17.508076115218515 ], [ 24.545986807973318, -17.509061632275934 ], [ 24.548778198688328, -17.511277770440437 ], [ 24.552305381962363, -17.532195415889642 ], [ 24.556403305001258, -17.53654307184415 ], [ 24.56255685927211, -17.539000005648383 ], [ 24.587902388180787, -17.533506412346419 ], [ 24.608650534435689, -17.534746018501789 ], [ 24.616025890845865, -17.530166564909543 ], [ 24.620409190729138, -17.51681598810211 ], [ 24.626384383287601, -17.51262892953152 ], [ 24.634954794346811, -17.513627687486732 ], [ 24.641527490653502, -17.519406748749187 ], [ 24.64372135376103, -17.519803558280792 ], [ 24.645714602179783, -17.519206091525184 ], [ 24.647105855902705, -17.513427103475422 ], [ 24.649500376701358, -17.511036980621789 ], [ 24.65786567573717, -17.511634500180367 ], [ 24.666436088503175, -17.510238832899706 ], [ 24.672215030101057, -17.50764807457028 ], [ 24.678190207666638, -17.500674016546231 ], [ 24.691540781303019, -17.501472242619371 ], [ 24.704293780637489, -17.496888275415035 ], [ 24.730593602628559, -17.501075343786248 ], [ 24.735775038232422, -17.506653687448932 ], [ 24.740011259739003, -17.509284582424403 ], [ 24.743150394166495, -17.511237672026688 ], [ 24.744407851948615, -17.511451720706127 ], [ 24.751319534238188, -17.512628852195554 ], [ 24.759087228788694, -17.518011047440346 ], [ 24.764665615534579, -17.517212851487717 ], [ 24.778417421791428, -17.508049402313354 ], [ 24.781605673493541, -17.509244451572492 ], [ 24.785788370950041, -17.514225251107675 ], [ 24.789373436477703, -17.531959062948999 ], [ 24.790827178736556, -17.534054819885519 ], [ 24.79117052949865, -17.534549827476798 ], [ 24.799339571447369, -17.536939931160386 ], [ 24.802327120452759, -17.536739259518423 ], [ 24.802456450230476, -17.536641150769253 ], [ 24.812489416892838, -17.528971504933505 ], [ 24.82125604121034, -17.525783214424173 ], [ 24.827632561529843, -17.519602887941385 ], [ 24.836198494154981, -17.523986250545033 ], [ 24.85313857268536, -17.529368316639033 ], [ 24.862302066335314, -17.529965908278431 ], [ 24.879639013542374, -17.526576947726134 ], [ 24.890198186375663, -17.536939898362895 ], [ 24.895178995702484, -17.545505882443532 ], [ 24.904743831163124, -17.553478701378253 ], [ 24.913711030284201, -17.554076232040011 ], [ 24.929366986528525, -17.550945974710256 ], [ 24.93064668270738, -17.550687276248784 ], [ 24.935596304952984, -17.548729752490392 ], [ 24.940211523926219, -17.546901545690758 ], [ 24.943600359729473, -17.548497913251673 ], [ 24.945789826823358, -17.55029045526366 ], [ 24.945789826823358, -17.552881157969402 ], [ 24.94180342001501, -17.558660207984953 ], [ 24.941847961127845, -17.559391460584298 ], [ 24.942204742502938, -17.565634228692989 ], [ 24.94399724412667, -17.567426822681497 ], [ 24.94519676644795, -17.567123564107824 ], [ 24.950373765658899, -17.565830391564777 ], [ 24.9575484312391, -17.566031045554844 ], [ 24.962101251382173, -17.564247444510812 ], [ 24.962127956355207, -17.564238499033316 ], [ 24.97468032389698, -17.553278077787176 ], [ 24.977868581968146, -17.55387560560127 ], [ 24.981458176253501, -17.555070569295879 ], [ 24.986835842695683, -17.561447103197906 ], [ 24.994014982227359, -17.586088079898868 ], [ 24.994211222435112, -17.5867524956941 ], [ 24.99495137645857, -17.587613134278747 ], [ 25.000583264069018, -17.59412790371249 ], [ 25.007316512825895, -17.59740081609651 ], [ 25.007958612322494, -17.59771300866721 ], [ 25.013737633115849, -17.59731616663456 ], [ 25.021906637559901, -17.59372659817577 ], [ 25.023757182657906, -17.591501508595908 ], [ 25.023899914769657, -17.591336465961692 ], [ 25.025094897867874, -17.585160594143552 ], [ 25.026887500201735, -17.584362455656148 ], [ 25.047212031996455, -17.589940815910719 ], [ 25.049602187449949, -17.593525859483556 ], [ 25.051194015940517, -17.601101948764867 ], [ 25.048607754568422, -17.609070288888226 ], [ 25.042427415455322, -17.619495715789931 ], [ 25.04223129420248, -17.61983011925993 ], [ 25.04302500986153, -17.627004854720077 ], [ 25.047809617733918, -17.631187446777247 ], [ 25.051791594455526, -17.630193076166933 ], [ 25.054186060699493, -17.628797434092998 ], [ 25.056179324272826, -17.624012785302344 ], [ 25.056045565576177, -17.617716536226776 ], [ 25.055978686209887, -17.614648686252199 ], [ 25.063947099608825, -17.614849280082094 ], [ 25.065940303956229, -17.616044365336723 ], [ 25.065342751159985, -17.624213414957051 ], [ 25.067135315782568, -17.631584365759583 ], [ 25.081284087240075, -17.640350950362564 ], [ 25.084271694743755, -17.646330540003664 ], [ 25.084070983396256, -17.655895314046489 ], [ 25.085270453570335, -17.658682280082619 ], [ 25.086336263503117, -17.659623146450706 ], [ 25.090251352180708, -17.663070042356047 ], [ 25.101207287294219, -17.663466895330178 ], [ 25.102491571070413, -17.664822465158288 ], [ 25.104796898836209, -17.66725264402519 ], [ 25.104596200154955, -17.673227856795748 ], [ 25.108382036875881, -17.677214292035774 ], [ 25.107985168091403, -17.680799438869954 ], [ 25.104596200154955, -17.685584008761573 ], [ 25.100609799068877, -17.696740682333736 ], [ 25.098866281787071, -17.698221149364493 ], [ 25.094037084607233, -17.702319025574212 ], [ 25.094037084607233, -17.707500538747599 ], [ 25.097024665655528, -17.709293050001271 ], [ 25.101207287294219, -17.709096887964918 ], [ 25.105470206731042, -17.705694618736938 ], [ 25.121933194137295, -17.692558064593733 ], [ 25.133290595433245, -17.694551262051061 ], [ 25.135279302832302, -17.700927776801009 ], [ 25.132889233338595, -17.70650613048889 ], [ 25.134855685659211, -17.710831486170711 ], [ 25.13488246711481, -17.710889395005491 ], [ 25.137076367161061, -17.71168757329724 ], [ 25.138668220094786, -17.710688742317981 ], [ 25.139840978360834, -17.708231777018813 ], [ 25.140661418028216, -17.70650615436611 ], [ 25.143452869586124, -17.704713544207927 ], [ 25.149628665110345, -17.704909761957797 ], [ 25.153013178552829, -17.707901862115875 ], [ 25.1587921644646, -17.717863489447243 ], [ 25.160985991271207, -17.726630090022269 ], [ 25.15671421687113, -17.734103524962293 ], [ 25.15540771217044, -17.736395503161095 ], [ 25.15679889838497, -17.742370694875142 ], [ 25.159193494130065, -17.744363870925614 ], [ 25.164134168373909, -17.744872275973076 ], [ 25.16696124075591, -17.745162060859531 ], [ 25.174532756875806, -17.750539788036814 ], [ 25.182701881622243, -17.76229836796448 ], [ 25.190474029480939, -17.76827360438768 ], [ 25.195258715452859, -17.769272450692203 ], [ 25.218570854984822, -17.76727921156203 ], [ 25.226739925832344, -17.768674893161837 ], [ 25.239292289951532, -17.776045810214661 ], [ 25.249017567468393, -17.783412302624537 ], [ 25.252442167718389, -17.786007443654572 ], [ 25.256535647941416, -17.788134437052697 ], [ 25.257703898865611, -17.788740903193702 ], [ 25.26170370279776, -17.790818801864919 ], [ 25.262805188657303, -17.79138960106232 ], [ 25.268387895500204, -17.790805423210475 ], [ 25.270831564268914, -17.793859917698164 ], [ 25.270332069808383, -17.79890761620986 ], [ 25.270332069808383, -17.798912058576569 ], [ 25.273640764704268, -17.800437107961812 ], [ 25.27438099951322, -17.800780448141754 ], [ 25.285341422259545, -17.812128907526517 ], [ 25.294322085896038, -17.819588909661654 ], [ 25.303748575269303, -17.824979983010294 ], [ 25.311418236008098, -17.82488188356767 ], [ 25.327435329495447, -17.83374661269972 ], [ 25.327618163227932, -17.833849181943602 ], [ 25.327640497501854, -17.833862525240356 ], [ 25.341708960659918, -17.842009307160911 ], [ 25.343372195370037, -17.842571186797208 ], [ 25.346328562396646, -17.842312512805847 ], [ 25.349360759441339, -17.842049425804717 ], [ 25.359161846746222, -17.838508913175783 ], [ 25.366809226508142, -17.84019888149723 ], [ 25.37314115083673, -17.845041471677604 ], [ 25.375669417180696, -17.848278776352931 ], [ 25.380431794202206, -17.85437883804169 ], [ 25.381778394918143, -17.854570582262291 ], [ 25.388119225566665, -17.855457968624698 ], [ 25.411320000306073, -17.849259759002258 ], [ 25.428808524239543, -17.847708024020637 ], [ 25.433660083289546, -17.852648687538597 ], [ 25.434391340039106, -17.853388927979985 ], [ 25.442310762143158, -17.853767955791731 ], [ 25.451121892655976, -17.847708040828117 ], [ 25.456428256813687, -17.847480584451702 ], [ 25.458069162073837, -17.847409283173342 ], [ 25.465052148866722, -17.849861743088983 ], [ 25.4719191045683, -17.850343397564924 ], [ 25.479459474857624, -17.850869532104191 ], [ 25.48534996046196, -17.853451364422611 ], [ 25.487650885090478, -17.854459103293859 ], [ 25.50868886405814, -17.869388209456286 ], [ 25.514949438231035, -17.870931008527464 ], [ 25.527987861400749, -17.868251086746703 ], [ 25.529071471109528, -17.868028134172782 ], [ 25.535251727847118, -17.863368435423681 ], [ 25.543719592596432, -17.849273202299468 ], [ 25.543719592596432, -17.849268682749507 ], [ 25.548727185498876, -17.84566576368168 ], [ 25.55179950091788, -17.84344955295127 ], [ 25.554078123459114, -17.842825327557271 ], [ 25.557061204208349, -17.8420092736268 ], [ 25.564271573500196, -17.843311375576487 ], [ 25.573207665939275, -17.84803801045642 ], [ 25.573212092944793, -17.848037978153002 ], [ 25.577310023808018, -17.847601035595563 ], [ 25.585180293118061, -17.846758282037033 ], [ 25.59510179557131, -17.85354053555454 ], [ 25.608670824743434, -17.845808476776096 ], [ 25.612742048396818, -17.845309053435191 ], [ 25.620679176411898, -17.847288885946366 ], [ 25.620683693006399, -17.847288839647195 ], [ 25.622569908120248, -17.847150672378461 ], [ 25.628108068613138, -17.84674930280983 ], [ 25.628594131634216, -17.846602145839533 ], [ 25.634132354604937, -17.844898763739518 ], [ 25.637249273416973, -17.843940092798434 ], [ 25.64364803063302, -17.841982512652788 ], [ 25.64364803063302, -17.841978079682459 ], [ 25.65679789961435, -17.834179096199751 ], [ 25.657448928032498, -17.833791201827506 ], [ 25.661912514404111, -17.828953066949577 ], [ 25.670942162661007, -17.819169807475078 ], [ 25.671539691328501, -17.818429566117405 ], [ 25.685148927394927, -17.815241349755016 ], [ 25.692435048937707, -17.815446413134641 ], [ 25.700987614954812, -17.81569165738437 ], [ 25.700992130255738, -17.815691693191219 ], [ 25.702980842874009, -17.818839780031201 ], [ 25.704439000298585, -17.821149617366672 ], [ 25.704661963059401, -17.834009678446709 ], [ 25.705558237254415, -17.836555784784245 ], [ 25.70666852956818, -17.8397218019973 ], [ 25.719118308327712, -17.837920295212001 ], [ 25.72006808345915, -17.838486620583694 ], [ 25.722498311805257, -17.839931327973691 ], [ 25.725414593668269, -17.841193296484317 ], [ 25.749578469696008, -17.851681112235902 ], [ 25.768079285360219, -17.853692115829297 ], [ 25.777817958671374, -17.8620395616663 ], [ 25.785581274150466, -17.86697134206781 ], [ 25.797041129993403, -17.877820341442437 ], [ 25.799948491935986, -17.885779796257456 ], [ 25.80014023265316, -17.886310483988588 ], [ 25.809218963824115, -17.88965034620275 ], [ 25.819992153320886, -17.889382778854142 ], [ 25.827768791507346, -17.889191063532341 ], [ 25.83117109594928, -17.88993571277938 ], [ 25.836678074849665, -17.891148556721063 ], [ 25.842229619126378, -17.894287767972479 ], [ 25.842229619126378, -17.894292279985571 ], [ 25.844481488257411, -17.90070001935733 ], [ 25.848722070464859, -17.91360013750166 ], [ 25.848989682594485, -17.914420679954279 ], [ 25.854090869061952, -17.919178474247317 ], [ 25.856119709657527, -17.927418897307675 ], [ 25.858153137805527, -17.930143435480087 ], [ 25.858326966762721, -17.930379799559841 ], [ 25.858331479458531, -17.930379743828361 ], [ 25.860244402770366, -17.930589381043134 ], [ 25.85185686118761, -17.937456362840777 ], [ 25.850291726836396, -17.938740616235947 ], [ 25.850287214005839, -17.938740588388175 ], [ 25.84987699763964, -17.939632413452163 ], [ 25.847955154919418, -17.943779371390171 ], [ 25.8477187708252, -17.944292128254158 ], [ 25.848592822290101, -17.946682230581288 ], [ 25.849716521186931, -17.949776888017691 ], [ 25.849720943763753, -17.949781357657255 ], [ 25.850612769205036, -17.949879398772264 ], [ 25.859089520394569, -17.950811370148173 ], [ 25.862960017339262, -17.953058797577253 ], [ 25.863307849392069, -17.953906010058446 ], [ 25.863709110183702, -17.954878076811795 ], [ 25.861452800069362, -17.961646954792016 ], [ 25.860480775788357, -17.964572159414132 ], [ 25.862438268420124, -17.967760428202201 ], [ 25.863628876121037, -17.970926371358146 ], [ 25.865189600265229, -17.975068897861938 ], [ 25.86737006812643, -17.976879270075859 ], [ 25.871753332139971, -17.976830253098139 ], [ 25.87672972220475, -17.976767755273631 ], [ 25.882838693303647, -17.984731758564362 ], [ 25.890031255345516, -17.983719513815512 ], [ 25.897130132948789, -17.985882196345628 ], [ 25.901558025193783, -17.987228801903484 ], [ 25.91028888077059, -17.989890919623285 ], [ 25.914957569113454, -17.99800646879228 ], [ 25.916188275695237, -18.000151347908222 ], [ 25.916192787402903, -18.0001512884667 ], [ 25.918877149708827, -18.000418871338198 ], [ 25.920281716563075, -18.000561567166994 ], [ 25.927451964947359, -17.997939643944743 ], [ 25.939669945826608, -17.996410156316056 ], [ 25.951901251326635, -18.000869258216923 ], [ 25.953671488870803, -18.001511354506537 ], [ 25.958429354427192, -17.998920613361886 ], [ 25.961318892617744, -17.999339726292312 ], [ 25.962255270068425, -17.999981892569668 ], [ 25.968431090817344, -18.004213545316578 ], [ 25.970531404871366, -18.005649356474724 ], [ 25.974379606079864, -18.006059656465091 ], [ 25.981317970273736, -18.004360728526663 ], [ 25.984229716749489, -18.002684121692855 ], [ 25.989888300394735, -17.999420045236786 ], [ 25.991899405614536, -17.989061520051457 ], [ 25.992612859794342, -17.988468471426014 ], [ 25.994980622331894, -17.98650203668543 ], [ 26.001910046087819, -17.98457125571915 ], [ 26.004804061517678, -17.983081841980201 ], [ 26.014301865347587, -17.978199159054448 ], [ 26.01947001373652, -17.978582639419798 ], [ 26.019590428543527, -17.978591598407956 ], [ 26.029739345134406, -17.983050706058044 ], [ 26.034256349968121, -17.982827713266548 ], [ 26.036209476024041, -17.982729626615932 ], [ 26.042082113100815, -17.977708635871032 ], [ 26.045528987922694, -17.974761230572447 ], [ 26.045867918784946, -17.974792412551228 ], [ 26.049858755356638, -17.975149176013918 ], [ 26.053822924666573, -17.977579355518621 ], [ 26.05932991093314, -17.980950409907443 ], [ 26.061737821660092, -17.981369576898484 ], [ 26.062941768498558, -17.981579141322769 ], [ 26.067940386701306, -17.980401967432858 ], [ 26.072756293153802, -17.979264879236553 ], [ 26.07346077516716, -17.979099905619901 ], [ 26.086093414896094, -17.983099706219303 ], [ 26.091328372043737, -17.984758540990139 ], [ 26.093972681327784, -17.975550448609415 ], [ 26.096960244167228, -17.965138475847585 ], [ 26.102275497585868, -17.958231307807914 ], [ 26.105379008539234, -17.954200259589832 ], [ 26.101669109715072, -17.951217151801306 ], [ 26.099778432561411, -17.949701032146095 ], [ 26.094619214127089, -17.943592074899218 ], [ 26.097820834629125, -17.935271412583937 ], [ 26.101084902084079, -17.932890227221776 ], [ 26.103969949506695, -17.930789999531783 ], [ 26.111389895520766, -17.929510266216578 ], [ 26.120401719621388, -17.927374334401712 ], [ 26.128111496515661, -17.925550563536849 ], [ 26.145189895037358, -17.915597857742881 ], [ 26.158705463517581, -17.914460748382265 ], [ 26.167859999392096, -17.913689381046787 ], [ 26.172546440582966, -17.911767464161652 ], [ 26.187939283640269, -17.9054444785193 ], [ 26.190048419267164, -17.904579383096085 ], [ 26.190052926141895, -17.904579401628329 ], [ 26.207858131276016, -17.892838632166605 ], [ 26.208272823569981, -17.892740520174517 ], [ 26.225788136513881, -17.888450847480211 ], [ 26.227050055428521, -17.892330269672343 ], [ 26.225360045137787, -17.897565269112665 ], [ 26.223848471056726, -17.90225177970737 ], [ 26.223852887183646, -17.902251726913384 ], [ 26.227322049387389, -17.905069917023347 ], [ 26.227741215102821, -17.905408781706715 ], [ 26.234238147175059, -17.906688538126588 ], [ 26.243789559721264, -17.918491771914642 ], [ 26.252248412185374, -17.922727937869404 ], [ 26.257893672377651, -17.920404736557963 ], [ 26.259168942790662, -17.919878583720013 ], [ 26.267659071385978, -17.920542975305647 ], [ 26.269019172981135, -17.920649973297778 ], [ 26.274459233124102, -17.920320077762518 ], [ 26.288340463140415, -17.919495057450753 ], [ 26.289397259548316, -17.91942822190428 ], [ 26.289401674489461, -17.919428250039516 ], [ 26.294239777126851, -17.921880740417027 ], [ 26.299135895965666, -17.928172532537246 ], [ 26.306248165132171, -17.937318088654553 ], [ 26.308245826345093, -17.937563407778864 ], [ 26.311300352013301, -17.937929036472546 ], [ 26.316530813155826, -17.934870073396329 ], [ 26.321801520700561, -17.934098686019436 ], [ 26.327362012440048, -17.936537805737512 ], [ 26.333132092849354, -17.937139782763477 ], [ 26.336436284589531, -17.935400680530613 ], [ 26.337100648740616, -17.93505289934042 ], [ 26.341220926615868, -17.932890203164895 ], [ 26.346402364546368, -17.932341768685315 ], [ 26.348881614164142, -17.932078708516865 ], [ 26.349505948999887, -17.93215897508956 ], [ 26.357059631998329, -17.933108705646596 ], [ 26.369085779669863, -17.93808065421603 ], [ 26.379537943048518, -17.942401489207032 ], [ 26.384866617054957, -17.942597726450341 ], [ 26.388429387421347, -17.942731480745245 ], [ 26.392478260954526, -17.941059346218996 ], [ 26.40211886989329, -17.939775083050154 ], [ 26.406132027246205, -17.939240001578117 ], [ 26.414827238211529, -17.942548686314055 ], [ 26.414831740900109, -17.942548613694246 ], [ 26.424606063988065, -17.952956218371057 ], [ 26.424610566487999, -17.952960641657548 ], [ 26.439289885216059, -17.955488967550835 ], [ 26.454526617381408, -17.966672432918205 ], [ 26.457041561332417, -17.9685185042444 ], [ 26.461589856948862, -17.967987869343187 ], [ 26.468318680101593, -17.968108260263993 ], [ 26.46884924555405, -17.968402537481452 ], [ 26.469041015897663, -17.968509549819682 ], [ 26.471533655964759, -17.968982233853943 ], [ 26.478039459825691, -17.97022187165696 ], [ 26.482962312051253, -17.975675315260357 ], [ 26.485169598755935, -17.978118945760833 ], [ 26.500156682078998, -17.979367441347812 ], [ 26.500807622758693, -17.979420979582287 ], [ 26.500812123794372, -17.979420986571181 ], [ 26.514189445783433, -17.987647984013172 ], [ 26.517426741206112, -17.988321337245978 ], [ 26.524329381575058, -17.989748212457751 ], [ 26.550406239889032, -17.990180784262176 ], [ 26.561790323179114, -17.990368053156878 ], [ 26.561906239187245, -17.990452793231889 ], [ 26.568866942092711, -17.995286461425714 ], [ 26.568871351805662, -17.995290889033104 ], [ 26.572131006475427, -18.001422203577718 ], [ 26.576839834536571, -18.018781429174506 ], [ 26.579457298054628, -18.020993177775271 ], [ 26.582948792582947, -18.023940592667866 ], [ 26.588580569898244, -18.025768832884829 ], [ 26.596486636461506, -18.02833727662242 ], [ 26.596491045644449, -18.028341785482425 ], [ 26.600869858936949, -18.04102790739995 ], [ 26.600869858936949, -18.041032400431639 ], [ 26.600918898866627, -18.041531800326517 ], [ 26.601342531418876, -18.045924039470947 ], [ 26.601998044559299, -18.052750882295904 ], [ 26.609841560306432, -18.055319305983101 ], [ 26.610390065402573, -18.055635881694585 ], [ 26.620271477985053, -18.061321255805531 ], [ 26.650811847032497, -18.061138421255581 ], [ 26.653286589416215, -18.062360283716778 ], [ 26.661990748158725, -18.066649931105545 ], [ 26.664817905763897, -18.068696633380018 ], [ 26.666619359090451, -18.06999870870364 ], [ 26.669187749926259, -18.071309661116018 ], [ 26.677637810982922, -18.075621596003426 ], [ 26.690288244558971, -18.07946978609078 ], [ 26.693828755481107, -18.077017336353052 ], [ 26.695991458995866, -18.075519018782504 ], [ 26.697583364499003, -18.073285057045634 ], [ 26.706760142327578, -18.060429449085142 ], [ 26.716191149579934, -18.052648345256625 ], [ 26.72684392404512, -18.042000014272059 ], [ 26.733091169968041, -18.035761727597809 ], [ 26.735985142404534, -18.034116321742154 ], [ 26.746120627295451, -18.028359628961461 ], [ 26.763301600064647, -18.023401066762993 ], [ 26.77283962279035, -18.021604058210634 ], [ 26.774297727142457, -18.021332022264509 ], [ 26.774302132821969, -18.021332033107175 ], [ 26.776451463638121, -18.022304141120145 ], [ 26.780121326634159, -18.02395846318619 ], [ 26.783599354679748, -18.024587232645167 ], [ 26.7960402891031, -18.02683902161953 ], [ 26.79728885680683, -18.025858000396546 ], [ 26.805939451703892, -18.019040097865808 ], [ 26.811094189125981, -18.016333396012854 ], [ 26.817328076462825, -18.013060446016375 ], [ 26.824529466150178, -18.012899900528136 ], [ 26.826674348553954, -18.008958072984072 ], [ 26.827057820133781, -18.00824902804111 ], [ 26.82711130474782, -18.006090874843608 ], [ 26.827249555667674, -18.000231553539209 ], [ 26.827418998322017, -17.993079150322789 ], [ 26.828560508017169, -17.990528576402834 ], [ 26.832560284155445, -17.987228889561091 ], [ 26.853968446032738, -17.992227497406265 ], [ 26.858641563222665, -17.993320023433228 ], [ 26.862730570347619, -17.993690129195539 ], [ 26.864977981427362, -17.99251732628322 ], [ 26.877427834208071, -17.986020441336603 ], [ 26.883438653456633, -17.986577848288054 ], [ 26.885369431233894, -17.986760643312131 ], [ 26.886827590589846, -17.987144149387266 ], [ 26.892619960501037, -17.988669168562165 ], [ 26.899803569294981, -17.985610200715893 ], [ 26.911401650374941, -17.980669540422888 ], [ 26.917443776279459, -17.979082028355229 ], [ 26.924056637457266, -17.977347448816424 ], [ 26.927619418298015, -17.976411079342785 ], [ 26.934664839449432, -17.973160388206658 ], [ 26.940198605949892, -17.97060979226001 ], [ 26.960478599919611, -17.965562045796243 ], [ 26.964166268000689, -17.966815095868661 ], [ 26.970649760719319, -17.969017860544035 ], [ 26.978078664913067, -17.968621001551192 ], [ 26.984758356696609, -17.966627840781065 ], [ 26.9939039543071, -17.960973663758562 ], [ 26.999419918255771, -17.957558010683879 ], [ 27.011321251234918, -17.953620635316128 ], [ 27.029358288358353, -17.961201036151479 ], [ 27.037768180806914, -17.964728255609653 ], [ 27.043721032407991, -17.957981637028773 ], [ 27.045000841945249, -17.956527911631298 ], [ 27.045848087349697, -17.952140194327534 ], [ 27.05328133990146, -17.942321266157713 ], [ 27.056224342341242, -17.939891016566449 ], [ 27.0572812090513, -17.939021523306014 ], [ 27.068379871632271, -17.922219609547053 ], [ 27.074190078204282, -17.915036024279985 ], [ 27.075260321547574, -17.913720562073355 ], [ 27.086751352910404, -17.899518311023392 ], [ 27.091290775588313, -17.894961156679756 ], [ 27.091437922245948, -17.894813986935418 ], [ 27.091437922245948, -17.894809511016632 ], [ 27.096869078350704, -17.891469687492911 ], [ 27.114366565602214, -17.877499259350294 ], [ 27.140131250569432, -17.856929420747168 ], [ 27.149508769228216, -17.848671212229963 ], [ 27.149758461935232, -17.839699511372519 ], [ 27.149722830034907, -17.839400750160419 ], [ 27.147961421546576, -17.825729120033881 ], [ 27.143760995900827, -17.811821150207869 ], [ 27.144438738724318, -17.809747731497854 ], [ 27.147100861420785, -17.801632138248529 ], [ 27.182296507098648, -17.763997349101139 ], [ 27.188392091170805, -17.757478169783763 ], [ 27.204449344426834, -17.738950529410076 ], [ 27.218152182412616, -17.722090730019818 ], [ 27.227217480661906, -17.709716731556622 ], [ 27.232028861869125, -17.703148453200427 ], [ 27.25607678198557, -17.671591348851795 ], [ 27.259131335896811, -17.667578186845603 ], [ 27.267260290490043, -17.65796886104491 ], [ 27.282269569369181, -17.638745682141099 ], [ 27.307111269446082, -17.606929987874434 ], [ 27.310981775050536, -17.599492141266442 ], [ 27.316100810889985, -17.594961760823573 ], [ 27.322209743990143, -17.589561755103851 ], [ 27.333535896975711, -17.581780593828075 ], [ 27.342668070018867, -17.575511119830065 ], [ 27.362421904619886, -17.561928732458139 ], [ 27.368009139977932, -17.556051610677056 ], [ 27.378858152755424, -17.550040766149905 ], [ 27.403182544725816, -17.531432903238937 ], [ 27.43894008278707, -17.50407189515046 ], [ 27.443109397555691, -17.50087911524761 ], [ 27.458720703721539, -17.488295569149638 ], [ 27.46956970612349, -17.479551293775547 ], [ 27.49277034075266, -17.461728283538424 ], [ 27.496961883623317, -17.457492117224334 ], [ 27.498232803944564, -17.457567872942761 ], [ 27.499588293741766, -17.457648176669775 ], [ 27.501412084019222, -17.454161132377408 ], [ 27.543648744710847, -17.424369931650855 ], [ 27.554274776788166, -17.413908879595176 ], [ 27.55971041279124, -17.408557887493476 ], [ 27.570068925391173, -17.394279848718114 ], [ 27.571027597212606, -17.394262024283364 ], [ 27.571032075305315, -17.394262016728533 ], [ 27.576918074759057, -17.388211064795499 ], [ 27.589390193101551, -17.375408993425566 ], [ 27.608359200675629, -17.352868232484973 ], [ 27.615257381475125, -17.342215455630267 ], [ 27.617290755823024, -17.339080647767663 ], [ 27.619243881348936, -17.326706673002022 ], [ 27.626788649879721, -17.278900639107356 ], [ 27.627551132508728, -17.258335236744429 ], [ 27.62760019775293, -17.257064413899371 ], [ 27.62760019775293, -17.257059967121936 ], [ 27.627997106422608, -17.255798019793584 ], [ 27.63110949333285, -17.245947909339556 ], [ 27.639978645993938, -17.230332079437598 ], [ 27.645788913633421, -17.223072693401594 ], [ 27.650118632261897, -17.217659316025308 ], [ 27.669591599166008, -17.189986136781965 ], [ 27.69441088891762, -17.154719112938938 ], [ 27.716523597244425, -17.124437396781431 ], [ 27.719207999444528, -17.120758620440633 ], [ 27.720541236948062, -17.118841253863774 ], [ 27.734342162276164, -17.098998232401325 ], [ 27.743750905502853, -17.086111379669809 ], [ 27.74402283360623, -17.083583094335459 ], [ 27.744067483819453, -17.083159446224389 ], [ 27.744120992481392, -17.082660090823065 ], [ 27.748548825464525, -17.07910171158348 ], [ 27.748553299326169, -17.07909283020976 ], [ 27.786558238370102, -17.024330533880892 ], [ 27.801469431371178, -17.00394805018616 ], [ 27.804278724997758, -16.999867966035904 ], [ 27.804809342660302, -16.999096547226962 ], [ 27.814507872111939, -16.985001281691531 ], [ 27.821811909618813, -16.973782194709546 ], [ 27.824607743733594, -16.969728877794559 ], [ 27.829579659622322, -16.96254078285002 ], [ 27.879717776256044, -16.939799383738688 ], [ 27.888907967485899, -16.936098367896232 ], [ 27.919751590705268, -16.922382130837303 ], [ 27.924759160044903, -16.919929655749115 ], [ 27.945128316648493, -16.909959112809236 ], [ 28.014917686089888, -16.878959397903888 ], [ 28.015252196585173, -16.878807815275547 ], [ 28.043460399781424, -16.865831847395111 ], [ 28.05847869886891, -16.858050659358518 ], [ 28.064146205443944, -16.855673980682443 ], [ 28.085540938945041, -16.846697788365361 ], [ 28.093099179617937, -16.84298786921233 ], [ 28.098931674281481, -16.840120662726513 ], [ 28.122208188982864, -16.830172421352895 ], [ 28.135861917635129, -16.824339890514196 ], [ 28.1433175423787, -16.818065947173068 ], [ 28.157921091365633, -16.805790053847812 ], [ 28.157889845777145, -16.804871435371648 ], [ 28.15995445269694, -16.80355599211947 ], [ 28.165831578421628, -16.799810390077734 ], [ 28.193941719724833, -16.777171507865454 ], [ 28.237440224842796, -16.743054951717593 ], [ 28.269710784880399, -16.71774955622103 ], [ 28.294481090433816, -16.708166896927509 ], [ 28.306409145696534, -16.703551768711069 ], [ 28.310453597802738, -16.702138191314347 ], [ 28.318658337588118, -16.6992799658344 ], [ 28.340258208723579, -16.689670541362755 ], [ 28.360511393300097, -16.68238882738595 ], [ 28.392657093954131, -16.669354932964943 ], [ 28.415028415303638, -16.660280662405476 ], [ 28.419331428824332, -16.658898341439908 ], [ 28.426100379325543, -16.65671784296412 ], [ 28.449109333316869, -16.646591233985166 ], [ 28.457528128653799, -16.643804284819399 ], [ 28.461349544175633, -16.642537877732952 ], [ 28.495421497047243, -16.628621016903281 ], [ 28.561202215812823, -16.602428264365319 ], [ 28.568069195661121, -16.599859860117668 ], [ 28.580001720240009, -16.595400720406708 ], [ 28.602520229758301, -16.585728956995577 ], [ 28.608308162548944, -16.583918491698228 ], [ 28.618069105994309, -16.580868546620501 ], [ 28.642250851821721, -16.571138719496055 ], [ 28.681673766072649, -16.56449024885784 ], [ 28.696210383384393, -16.562042157781804 ], [ 28.729350407100913, -16.556588684938244 ], [ 28.735691321328691, -16.554318992782814 ], [ 28.747779942678019, -16.538471398822146 ], [ 28.747784390515466, -16.538466907524203 ], [ 28.750415266392757, -16.536772430351736 ], [ 28.754990262724224, -16.533829419611518 ], [ 28.758365807144362, -16.53309814143714 ], [ 28.761821600898525, -16.532349024841245 ], [ 28.766102390081123, -16.528233302709072 ], [ 28.767738820635213, -16.52665924056819 ], [ 28.780531981283467, -16.514361022850483 ], [ 28.795331721744546, -16.507146224963098 ], [ 28.802087336521804, -16.503850920166194 ], [ 28.802091782841099, -16.503850905074497 ], [ 28.802675850236099, -16.502874340717032 ], [ 28.806149530444699, -16.497082015532957 ], [ 28.811121465323808, -16.491864821456151 ], [ 28.816048695524842, -16.486687853030467 ], [ 28.818911490393276, -16.480917782826022 ], [ 28.819629403908966, -16.479468567276705 ], [ 28.820802119361307, -16.471402074305875 ], [ 28.818599302799242, -16.454720541963543 ], [ 28.819018457402514, -16.445325222747233 ], [ 28.819147831368362, -16.442310874643329 ], [ 28.819152277202569, -16.442306389211385 ], [ 28.822670496978898, -16.433249945808566 ], [ 28.824146475631238, -16.431791870966116 ], [ 28.82881963523063, -16.427181137137364 ], [ 28.834888427507575, -16.421188124959123 ], [ 28.837858190032037, -16.416055646657895 ], [ 28.838941775315625, -16.414178371532842 ], [ 28.843280487005359, -16.401197928775666 ], [ 28.843048627401835, -16.386750441066738 ], [ 28.845719615095732, -16.382835380281833 ], [ 28.847770743513344, -16.379829949331551 ], [ 28.84896138496396, -16.378090875341716 ], [ 28.84870721982362, -16.375972824384785 ], [ 28.84863138802687, -16.375339593119552 ], [ 28.848127501289696, -16.374639562527921 ], [ 28.841661818911245, -16.365681204994182 ], [ 28.840747704587915, -16.362024756037226 ], [ 28.840301758539777, -16.360218776162835 ], [ 28.843369656852698, -16.337410523673476 ], [ 28.843369656852698, -16.337406055381386 ], [ 28.843253727154242, -16.337272261659425 ], [ 28.838928350568626, -16.332260228052156 ], [ 28.827820802239142, -16.329584810549996 ], [ 28.826228826847075, -16.329201300468377 ], [ 28.823999322963871, -16.32542444601096 ], [ 28.821698388543719, -16.321531619265958 ], [ 28.822951467470023, -16.313161884232493 ], [ 28.824248993401653, -16.304480016887315 ], [ 28.828841863054187, -16.291949937733516 ], [ 28.847409628791084, -16.271509424677042 ], [ 28.849982486400826, -16.268075983037342 ], [ 28.856078108714261, -16.259929174149363 ], [ 28.858677759322955, -16.252049927974685 ], [ 28.858682204043248, -16.252049919386788 ], [ 28.858512771153595, -16.251153652171688 ], [ 28.857241929722395, -16.244300053591928 ], [ 28.854838450285925, -16.242663522722971 ], [ 28.85239039616658, -16.241000297777539 ], [ 28.84447551869345, -16.238712778645127 ], [ 28.839441157334029, -16.23725911062305 ], [ 28.839436712065762, -16.237259118204832 ], [ 28.837447976190109, -16.234561368530809 ], [ 28.836275206802917, -16.229027633749862 ], [ 28.834928613875373, -16.222709045774049 ], [ 28.835521628283988, -16.211668312751993 ], [ 28.840359724489442, -16.199191791927987 ], [ 28.841010773047817, -16.197519572142632 ], [ 28.841742099264096, -16.186920286971709 ], [ 28.841817845478349, -16.185792160260878 ], [ 28.840190271827868, -16.171848552758373 ], [ 28.841367546158409, -16.164821033287836 ], [ 28.841581538513481, -16.163550165104809 ], [ 28.841581538513481, -16.163545701457011 ], [ 28.853478415058301, -16.142320382798413 ], [ 28.863078861434619, -16.12322205705285 ], [ 28.860559465594761, -16.115806535295452 ], [ 28.859141520948452, -16.111641798628977 ], [ 28.849670360413253, -16.105037869678519 ], [ 28.847217869604549, -16.095250095504962 ], [ 28.847222314648238, -16.095250092271026 ], [ 28.847859999706749, -16.091794330910112 ], [ 28.849438510242035, -16.083250636259496 ], [ 28.857001112289538, -16.074769441149169 ], [ 28.858539528408581, -16.071050584244148 ], [ 28.85581053178063, -16.067233582693277 ], [ 28.85581053178063, -16.067229122162633 ], [ 28.853237680746556, -16.065543571099983 ], [ 28.846120917200889, -16.060870425927536 ], [ 28.844974883140807, -16.058707744969471 ], [ 28.844091992927243, -16.057031176403896 ], [ 28.846241289858941, -16.050079451620704 ], [ 28.855712479391759, -16.042124393151703 ], [ 28.86010913110578, -16.038427788711026 ], [ 28.868438687631706, -16.026571055998772 ], [ 28.868501176526962, -16.0264818148252 ], [ 28.87578731693436, -16.015311762760291 ], [ 28.875961175392231, -16.015048743411288 ], [ 28.885369953841863, -15.999999249750639 ], [ 28.885615171618241, -15.999250095380583 ], [ 28.889432129196578, -15.987558347891216 ], [ 28.897284657749942, -15.976120722773397 ], [ 28.899839721656299, -15.972401836241938 ], [ 28.907001053911049, -15.959292146387982 ], [ 28.907272986631764, -15.958373519503587 ], [ 28.909578352737654, -15.950587925347307 ], [ 28.91203084377992, -15.946819980165282 ], [ 28.914082080543338, -15.945807767953413 ], [ 28.91562046816782, -15.945045277769573 ], [ 28.923111715208723, -15.941348676796396 ], [ 28.931717797765991, -15.939917309783624 ], [ 28.935311854585233, -15.939319782095293 ], [ 28.946571064954128, -15.940269596492094 ], [ 28.952952091034451, -15.940291912539196 ], [ 28.958762252897309, -15.940305291669745 ], [ 28.972607736882342, -15.940340956241796 ], [ 28.986158957879223, -15.937799220783038 ], [ 28.993694843814577, -15.938936340968354 ], [ 28.993779575472374, -15.938949685459866 ], [ 28.993859866218735, -15.938963032098352 ], [ 29.00066888475267, -15.939979767615137 ], [ 29.014634845043375, -15.941620721474145 ], [ 29.015548914091614, -15.941732164330302 ], [ 29.024970976665973, -15.937290947257919 ], [ 29.026134863448753, -15.936742468239871 ], [ 29.026139303372045, -15.936738013880651 ], [ 29.032475657913135, -15.929161952483046 ], [ 29.034500078545982, -15.92674065691226 ], [ 29.043400499019878, -15.90686203667037 ], [ 29.055221523942134, -15.890840443620577 ], [ 29.055801267080913, -15.890189459965482 ], [ 29.064991455588871, -15.879897780765049 ], [ 29.087041725119462, -15.866230692008548 ], [ 29.10049478022534, -15.857089551613919 ], [ 29.11820184449552, -15.845058903023483 ], [ 29.134080760428422, -15.831257949299639 ], [ 29.136426201690679, -15.829755245255559 ], [ 29.147681009119925, -15.822549289341785 ], [ 29.158681589829317, -15.814331191796775 ], [ 29.179246987655755, -15.802162336798007 ], [ 29.181431963550512, -15.800869176076787 ], [ 29.195709946396764, -15.790760425228388 ], [ 29.210915514774214, -15.77373556648627 ], [ 29.213599879550504, -15.770730117695443 ], [ 29.218611948416648, -15.768108186091911 ], [ 29.227218029087457, -15.763608916463289 ], [ 29.233942351204504, -15.763867587023087 ], [ 29.244060010160489, -15.764251028203924 ], [ 29.262971095550821, -15.759230071639921 ], [ 29.266239574605184, -15.758360601331439 ], [ 29.267479176978647, -15.757763036407939 ], [ 29.281039300630336, -15.751221536641719 ], [ 29.3040660977234, -15.736292503575207 ], [ 29.305399424375747, -15.735431841796059 ], [ 29.311508393713943, -15.732569123841376 ], [ 29.317938381552544, -15.731039690902124 ], [ 29.32188911783301, -15.730098777138922 ], [ 29.324845586872303, -15.729795588499094 ], [ 29.329928962065338, -15.729269403501458 ], [ 29.333812825761797, -15.726995269473392 ], [ 29.337201673916883, -15.725010929871891 ], [ 29.343948299603436, -15.718242034931476 ], [ 29.349098622883883, -15.714937844368091 ], [ 29.362279665076439, -15.709890172545343 ], [ 29.374368334422751, -15.709907939838256 ], [ 29.389573814693438, -15.712628063851062 ], [ 29.390768886078082, -15.712842042614621 ], [ 29.399758404489177, -15.711990404295721 ], [ 29.403740420000041, -15.709631511534635 ], [ 29.420729639349883, -15.693039172728216 ], [ 29.434160417449441, -15.688901160168893 ], [ 29.461891514654447, -15.68886997248581 ], [ 29.46545437745748, -15.688174339048679 ], [ 29.474872021488451, -15.686341612932649 ], [ 29.492280294506863, -15.685565782443446 ], [ 29.500440513157944, -15.685200070664585 ], [ 29.513817786090009, -15.678529246914779 ], [ 29.536768750353261, -15.652180452475475 ], [ 29.543595664926659, -15.646887456345137 ], [ 29.544951222043611, -15.64583958920014 ], [ 29.562149994624733, -15.641170913909798 ], [ 29.577087944144175, -15.641821923328576 ], [ 29.580610620821957, -15.643445037140115 ], [ 29.585221401515817, -15.645572062455383 ], [ 29.597260922496819, -15.655448973921334 ], [ 29.606040952103811, -15.659203495254676 ], [ 29.610161086688791, -15.660960393724174 ], [ 29.62913010198838, -15.661531180533808 ], [ 29.636380605357093, -15.660246928647807 ], [ 29.649427976816035, -15.657941604223742 ], [ 29.697969773912778, -15.644421568879753 ], [ 29.708684969351602, -15.642976823895259 ], [ 29.715699118405247, -15.642031542325517 ], [ 29.747180423368345, -15.628819176534774 ], [ 29.7548812125643, -15.624435962844855 ], [ 29.760530909410004, -15.621220940637604 ], [ 29.775571472361456, -15.615201154531643 ], [ 29.796560485249945, -15.61043882288404 ], [ 29.820929453574077, -15.608829105235108 ], [ 29.840277485797831, -15.609328494152573 ], [ 29.841548332340444, -15.609359671621814 ], [ 29.86078046749255, -15.611517934656327 ], [ 29.866452426513391, -15.611727483620607 ], [ 29.877140879393664, -15.612119855717252 ], [ 29.892029842783533, -15.618072788705696 ], [ 29.895771007578954, -15.619571081815119 ], [ 29.897675004520458, -15.620409348890677 ], [ 29.901750621950676, -15.622210812547859 ], [ 29.903222139434565, -15.62242930294722 ], [ 29.908640015636674, -15.623231935813784 ], [ 29.926850929049536, -15.621729280422461 ], [ 29.933303228623327, -15.622919842722517 ], [ 29.934698960079629, -15.623178461449523 ], [ 29.962077806490811, -15.641010413948177 ], [ 29.967089826569453, -15.642522077115165 ], [ 29.98221069680525, -15.640617996244066 ], [ 29.990161298750092, -15.638589066203238 ], [ 29.999998039883177, -15.636078606624162 ], [ 30.012786747007642, -15.634718581116308 ], [ 30.01860143272339, -15.634098774130953 ], [ 30.022066102506297, -15.634143422062456 ], [ 30.030739116379429, -15.634250427941796 ], [ 30.037967275350208, -15.631949492138238 ], [ 30.045761804249118, -15.629470249419526 ], [ 30.046600120651167, -15.629332015522746 ], [ 30.059549365843793, -15.6272005404656 ], [ 30.096287841045719, -15.626710069815664 ], [ 30.12532997160131, -15.619878714905747 ], [ 30.126948681988107, -15.619776123967551 ], [ 30.139558971012935, -15.618977953500126 ], [ 30.144160782828184, -15.619223234859261 ], [ 30.14697888460681, -15.619370402070352 ], [ 30.166781798690323, -15.620391556049677 ], [ 30.173234071826695, -15.624074750817082 ], [ 30.184600366713454, -15.63055824233197 ], [ 30.194994527266601, -15.641005944973369 ], [ 30.203440046441191, -15.649491589430315 ], [ 30.204438885424441, -15.653981959260772 ], [ 30.204978459649691, -15.656398781472973 ], [ 30.208010672630497, -15.659448799071694 ], [ 30.208929252479106, -15.660371843735909 ], [ 30.216491816707531, -15.661651594981489 ], [ 30.225601807058489, -15.656068743788303 ], [ 30.248699895620309, -15.635837871144606 ], [ 30.260030476042587, -15.625920792471922 ], [ 30.263031494629892, -15.626580773374426 ], [ 30.264520799043868, -15.626910704743482 ], [ 30.271789179210128, -15.63671180086982 ], [ 30.273233934633044, -15.638669399996866 ], [ 30.273309719160444, -15.638771951256475 ], [ 30.285371575726906, -15.644978974780175 ], [ 30.286691471191329, -15.645661255560105 ], [ 30.310132999322697, -15.64519300812537 ], [ 30.317749135256829, -15.64504146148354 ], [ 30.324584933081425, -15.64573257391544 ], [ 30.336909862563434, -15.64698110355755 ], [ 30.344441302619668, -15.649861709916014 ], [ 30.359129568046935, -15.649879529356129 ], [ 30.361778321485339, -15.648769199510753 ], [ 30.365590785025873, -15.647168463864817 ], [ 30.389687794128989, -15.637081900047479 ], [ 30.398276056680203, -15.631717661379618 ], [ 30.412928595919976, -15.622558609413655 ], [ 30.418257259335277, -15.617568923025029 ], [ 30.408219782797811, -15.607330851076636 ], [ 30.406810728086167, -15.60383936165973 ], [ 30.403461996275201, -15.595540931695517 ], [ 30.390071302719406, -15.575582026043262 ], [ 30.387699001138451, -15.573410426925467 ], [ 30.380082912491634, -15.566431939668076 ], [ 30.365831611028657, -15.553371250676067 ], [ 30.365831611028657, -15.553366775107623 ], [ 30.365501596610354, -15.545331496571711 ], [ 30.371722033804826, -15.530794787793504 ], [ 30.373398667821654, -15.526870818272199 ], [ 30.380698277343846, -15.51339090326085 ], [ 30.393968498178246, -15.488879288102035 ], [ 30.399801013224565, -15.480491716398765 ], [ 30.401361740405058, -15.472710559255237 ], [ 30.390419106484266, -15.448649261759957 ], [ 30.385331229186551, -15.432806074835261 ], [ 30.381670349091827, -15.421408550511725 ], [ 30.381853188878956, -15.419571408529285 ], [ 30.383601103117634, -15.402212185780156 ], [ 30.383931071506264, -15.398899026329177 ], [ 30.384229818812447, -15.395880238517579 ], [ 30.385688015897639, -15.381307903543352 ], [ 30.379561208865557, -15.366740009049371 ], [ 30.375730774042676, -15.342571719697453 ], [ 30.373813359405951, -15.338785879257502 ], [ 30.371160189894525, -15.333542003815383 ], [ 30.371155792227984, -15.333537554199269 ], [ 30.366950856778995, -15.33025121563993 ], [ 30.357238912830134, -15.317065651642643 ], [ 30.357020413447621, -15.316771341771421 ], [ 30.356021592170165, -15.315937478947054 ], [ 30.350260385534831, -15.311139453056045 ], [ 30.340410307662697, -15.305690491435062 ], [ 30.329423033706593, -15.294654179642354 ], [ 30.327157844113977, -15.292380025114733 ], [ 30.327104350462889, -15.292295340780186 ], [ 30.326408667070446, -15.29125193483957 ], [ 30.325097706869677, -15.289289912111622 ], [ 30.323010877417399, -15.2861685189798 ], [ 30.318168315614802, -15.278909120241616 ], [ 30.298570548076938, -15.264796036254216 ], [ 30.279628287157724, -15.251151178573178 ], [ 30.265912027739727, -15.224971785330965 ], [ 30.255928128109211, -15.214229851438896 ], [ 30.256298209122935, -15.206890180809992 ], [ 30.259838750776435, -15.194551790801087 ], [ 30.259669296390097, -15.193677881476614 ], [ 30.25966040553017, -15.193619835046883 ], [ 30.25928135506291, -15.191595441022134 ], [ 30.257248055481796, -15.180728618820742 ], [ 30.250751110231271, -15.170735780773487 ], [ 30.24803997874972, -15.166562072219046 ], [ 30.24711691711633, -15.162499828188126 ], [ 30.245418061833643, -15.155039695393032 ], [ 30.241168494685706, -15.149853798539874 ], [ 30.23777958917319, -15.145720249269024 ], [ 30.23170184451968, -15.141711456183286 ], [ 30.229432149318963, -15.13661916768142 ], [ 30.233320490712867, -15.118078228253006 ], [ 30.232700645953354, -15.113021632647072 ], [ 30.229762154763097, -15.108727533683867 ], [ 30.221410245224394, -15.096518450204282 ], [ 30.220830585323505, -15.089620232385212 ], [ 30.22285942785944, -15.080590563350283 ], [ 30.22442904959194, -15.073612058261334 ], [ 30.222351097470963, -15.067547702970188 ], [ 30.22062101603035, -15.06250889979203 ], [ 30.221709011664689, -15.059400947531968 ], [ 30.224861559601255, -15.050420278343887 ], [ 30.228344129286381, -15.047454991504649 ], [ 30.232540137385872, -15.043892207331151 ], [ 30.23430149475108, -15.038180108169822 ], [ 30.228040887340523, -15.018551102265924 ], [ 30.227331911280377, -15.017525547170527 ], [ 30.221129353075344, -15.008553794444362 ], [ 30.221129353075344, -15.008549331371485 ], [ 30.218248721240659, -15.000001273531666 ], [ 30.21772258573121, -14.998422713103949 ], [ 30.217321224382165, -14.997232108924432 ], [ 30.231960438318438, -14.992501043849961 ], [ 30.241578763630297, -14.989388610353087 ], [ 30.250969611122954, -14.987141162244789 ], [ 30.259562341957274, -14.985081061876329 ], [ 30.298789057376851, -14.975681271816715 ], [ 30.305700644759412, -14.972809613855274 ], [ 30.313383649127339, -14.971632461848323 ], [ 30.32182024875879, -14.970339327798085 ], [ 30.337297837811004, -14.963940531325662 ], [ 30.338608763327823, -14.963962791488569 ], [ 30.346978545891147, -14.964109925129618 ], [ 30.36043605155637, -14.960814656418039 ], [ 30.364551832950401, -14.959811362051489 ], [ 30.375837809287944, -14.955218490844869 ], [ 30.393830259978536, -14.947901113850103 ], [ 30.44943527824524, -14.922038341980739 ], [ 30.451499855772159, -14.921079646659377 ], [ 30.455111731932703, -14.917240291170465 ], [ 30.492501319608138, -14.900598967141772 ], [ 30.498507739743868, -14.897923510967138 ], [ 30.505361306110039, -14.894868996438039 ], [ 30.509013310364665, -14.892764366266535 ], [ 30.516580392014045, -14.888398889937664 ], [ 30.534033398618323, -14.883284248890146 ], [ 30.551490777924965, -14.87816970600154 ], [ 30.563989580157035, -14.873380648333372 ], [ 30.585968534638095, -14.864961859239733 ], [ 30.594088484653664, -14.860039027001687 ], [ 30.607608491018002, -14.856578710194135 ], [ 30.61270974607184, -14.854260001231665 ], [ 30.620914443977764, -14.850527727996859 ], [ 30.627612011903082, -14.847482125123687 ], [ 30.66536725465572, -14.836142672508473 ], [ 30.665371729945686, -14.836138208393551 ], [ 30.669438383860232, -14.832762690051505 ], [ 30.669438383860232, -14.832758169145089 ], [ 30.686391884649279, -14.826667066031268 ], [ 30.733729756583909, -14.809651176949295 ], [ 30.738590150358121, -14.807898678841283 ], [ 30.798511555203451, -14.783801734659411 ], [ 30.84092651516557, -14.773822286845883 ], [ 30.856658225053213, -14.770121196964281 ], [ 30.900480085638787, -14.759805046155321 ], [ 30.944301843223531, -14.74948891571117 ], [ 30.982560953067189, -14.739331084104665 ], [ 30.983087154917222, -14.73918843424266 ], [ 30.992237205449626, -14.736758198368671 ], [ 31.023740714071604, -14.728388461709256 ], [ 31.028690330253582, -14.729150970371441 ], [ 31.033947615081509, -14.728018386022541 ], [ 31.041719822723088, -14.726350668557458 ], [ 31.047329428512246, -14.723728681527874 ], [ 31.047900137285229, -14.723461164682551 ], [ 31.059270884483045, -14.721789015154435 ], [ 31.071390712901103, -14.716219619089273 ], [ 31.078458408552542, -14.717468162798999 ], [ 31.106671080328343, -14.708050518974641 ], [ 31.130884020675023, -14.699957294234034 ], [ 31.170770732475074, -14.686629017537589 ], [ 31.182600693370652, -14.684729418559073 ], [ 31.188571457944434, -14.679989378156085 ], [ 31.214728466220794, -14.672908382937882 ], [ 31.229349906306457, -14.668948702123149 ], [ 31.2447070737065, -14.664788339991597 ], [ 31.266788498194551, -14.658799774527909 ], [ 31.284286052145973, -14.656155469079668 ], [ 31.325229503337859, -14.649961823869052 ], [ 31.356220224086002, -14.643099295649096 ], [ 31.364309054744346, -14.641306689883672 ], [ 31.427271558929856, -14.627358605303556 ], [ 31.465160502725265, -14.620130435256549 ], [ 31.471189206937058, -14.620206275623225 ], [ 31.472469033686036, -14.620219572045887 ], [ 31.476517875014615, -14.618369061236576 ], [ 31.482399388883699, -14.615680280387265 ], [ 31.490519412534173, -14.611961326437243 ], [ 31.518049927156191, -14.59659528687121 ], [ 31.528341555377231, -14.59085195450916 ], [ 31.533594394604513, -14.589465167991365 ], [ 31.534972228593038, -14.589099557776029 ], [ 31.547600381039498, -14.580301714666787 ], [ 31.595401987362706, -14.5542382741738 ], [ 31.599887823476774, -14.551790276648317 ], [ 31.604552048647946, -14.550586317934124 ], [ 31.605809490035814, -14.550260787124184 ], [ 31.638891571868538, -14.529080036824324 ], [ 31.683308707410255, -14.50642781817842 ], [ 31.711258292400526, -14.500020097042462 ], [ 31.725300014248702, -14.496796148060639 ], [ 31.736550389785595, -14.494209892365896 ], [ 31.748808454274357, -14.494361485109268 ], [ 31.750971093793137, -14.491859907236286 ], [ 31.785538002279502, -14.484052034501635 ], [ 31.810821140811161, -14.478339930713981 ], [ 31.819882010375082, -14.475116032415107 ], [ 31.826459168712606, -14.472779475257449 ], [ 31.828443483870949, -14.471767251475278 ], [ 31.835328314429717, -14.468249023479363 ], [ 31.866350326436699, -14.452379082201237 ], [ 31.872784808070559, -14.449083774134465 ], [ 31.931850032445421, -14.418860013919392 ], [ 31.947719977047313, -14.412840228927342 ], [ 31.951180299622045, -14.41180122878302 ], [ 31.975651841771469, -14.404430362655688 ], [ 32.031689339603581, -14.392422011166888 ], [ 32.056258963732382, -14.388787844588176 ], [ 32.076061825812424, -14.379851786940847 ], [ 32.097501183897812, -14.370171024350931 ], [ 32.159282039163955, -14.349471944570922 ], [ 32.163990901181421, -14.349980250094031 ], [ 32.171232456557355, -14.346858893622457 ], [ 32.182710137948952, -14.341909243052969 ], [ 32.186817023632152, -14.340830188377602 ], [ 32.197639239772514, -14.337980781389305 ], [ 32.205411488691681, -14.335938554431744 ], [ 32.242328372929244, -14.322998213412083 ], [ 32.273278974305946, -14.316577158537449 ], [ 32.306347661467264, -14.309719052085832 ], [ 32.315109784326879, -14.307899751920544 ], [ 32.321267776392013, -14.30542938362259 ], [ 32.321316819528676, -14.305429357023474 ], [ 32.322538652426317, -14.305358030457539 ], [ 32.334480146368904, -14.304649053597894 ], [ 32.358099954430038, -14.299601353586011 ], [ 32.395881920463374, -14.294459973528291 ], [ 32.430725348333546, -14.287120269598839 ], [ 32.449948513340424, -14.283071481342729 ], [ 32.450537174935377, -14.282946581678699 ], [ 32.451161425607964, -14.282821718064062 ], [ 32.527171257234961, -14.248388520861262 ], [ 32.531888971062592, -14.247278199711577 ], [ 32.535670342312144, -14.246390841089147 ], [ 32.568480378901178, -14.232429446126551 ], [ 32.580479791056952, -14.227323771568125 ], [ 32.610690200645024, -14.214459257521259 ], [ 32.654902214928669, -14.199458829374306 ], [ 32.661844994476908, -14.196560386750281 ], [ 32.678080628067399, -14.189778121339078 ], [ 32.683141663641543, -14.188574191766232 ], [ 32.68924174371881, -14.187120500082532 ], [ 32.689834821207128, -14.186973338261334 ], [ 32.690129074619236, -14.186902006754664 ], [ 32.759378912496373, -14.162229820307994 ], [ 32.767021861381039, -14.159264487564844 ], [ 32.794142072679946, -14.148740989966608 ], [ 32.81076118576442, -14.143407945216138 ], [ 32.843049558289181, -14.133058377644549 ], [ 32.914181138936677, -14.107440817263358 ], [ 32.918167579656426, -14.106865566725077 ], [ 32.921721402470212, -14.106348328175118 ], [ 32.932851329585141, -14.101742096136633 ], [ 32.933435501597934, -14.101501319963393 ], [ 32.934260421657719, -14.101171306587137 ], [ 32.947940945554727, -14.097831446960123 ], [ 33.001204911736629, -14.07819577829668 ], [ 33.054468907194632, -14.058560122119818 ], [ 33.054772059111329, -14.058448726793523 ], [ 33.070080196220623, -14.052798975366183 ], [ 33.075854728240301, -14.049994255646617 ], [ 33.084500912723733, -14.045789315032316 ], [ 33.130171073229953, -14.030325098930241 ], [ 33.175841150686935, -14.014860990158878 ], [ 33.208142883324911, -14.003913868470521 ], [ 33.240899469597579, -13.998732419544643 ], [ 33.242223774110201, -13.998522833470957 ], [ 33.240373257129463, -13.998259741124853 ], [ 33.239748981519639, -13.998175030918825 ], [ 33.196758819097077, -13.992128431377241 ], [ 33.189089120215812, -13.978051084932043 ], [ 33.189169393004853, -13.96655996812146 ], [ 33.187903030663492, -13.963942512562477 ], [ 33.183368142483509, -13.954569490825092 ], [ 33.181232188525172, -13.952674371026244 ], [ 33.178931337333928, -13.950632054084442 ], [ 33.167623051489024, -13.944054893743674 ], [ 33.151730783806215, -13.934811167845655 ], [ 33.144859283105404, -13.936519032538937 ], [ 33.142767965894549, -13.937040719716864 ], [ 33.131861060955011, -13.957739898994273 ], [ 33.131548877942386, -13.95834185761376 ], [ 33.127183446520291, -13.96014778141531 ], [ 33.126122158580884, -13.960589233380729 ], [ 33.110403855132574, -13.959104373390604 ], [ 33.11035029702736, -13.95909989476789 ], [ 33.108843190914996, -13.959416488032454 ], [ 33.103978305681146, -13.960428702921304 ], [ 33.092215172543646, -13.96896789126313 ], [ 33.080782042829071, -13.977270733985582 ], [ 33.072037734486806, -13.987071817337878 ], [ 33.069380133774736, -13.990050502603477 ], [ 33.066602074328031, -14.015079491580567 ], [ 33.062990214283268, -14.024938519879916 ], [ 33.05397836591915, -14.033379631470563 ], [ 33.051958378606976, -14.035885616343581 ], [ 33.050741093295713, -14.037401707728812 ], [ 33.041131709652497, -14.04936552291975 ], [ 33.041131709652497, -14.049369927611115 ], [ 33.039860866909756, -14.049454696818492 ], [ 33.038068294768273, -14.049570601957008 ], [ 33.031821095288251, -14.047109180025885 ], [ 33.029150132190225, -14.046061322681508 ], [ 33.016049226799737, -14.032380762528497 ], [ 33.011630325037842, -14.027770080864913 ], [ 33.005802219048704, -14.025999799608723 ], [ 33.001521544598937, -14.024702174592917 ], [ 32.991711472757807, -14.014281325892179 ], [ 32.989941234710578, -14.000480385634079 ], [ 32.991345826645791, -13.990139723493092 ], [ 32.992438292458679, -13.982108876705801 ], [ 32.993182980683621, -13.980757799262596 ], [ 32.997459287569392, -13.972958787779401 ], [ 33.001303037958031, -13.968695894411688 ], [ 33.001811368050063, -13.968129589988708 ], [ 33.003630628932029, -13.966109646388556 ], [ 33.00342553090438, -13.961079790143168 ], [ 33.003238304473044, -13.95645121912359 ], [ 33.001454609267604, -13.951653234986276 ], [ 33.000241774515679, -13.948389151676061 ], [ 32.990467411174222, -13.941406178250109 ], [ 32.986900132944953, -13.938860018013655 ], [ 32.9742094842101, -13.93507870289983 ], [ 32.965095120285419, -13.934137843574534 ], [ 32.962218989315737, -13.933839139423418 ], [ 32.950420226927946, -13.936969406571757 ], [ 32.946670117014349, -13.934869145949525 ], [ 32.944204240616209, -13.930267388769812 ], [ 32.942960102873457, -13.927939755476185 ], [ 32.943918806477285, -13.924412575103711 ], [ 32.947080374074226, -13.912801094932638 ], [ 32.952569506692832, -13.903651001128384 ], [ 32.947017958715065, -13.891428625547036 ], [ 32.946540815192201, -13.8905991865212 ], [ 32.936570230462692, -13.873418321990012 ], [ 32.929203831747103, -13.867701746847015 ], [ 32.92908783535772, -13.867608100200542 ], [ 32.923451573095569, -13.866421979782103 ], [ 32.918787353547849, -13.863327349115496 ], [ 32.916428460086081, -13.861762168662743 ], [ 32.903341054972941, -13.850391493123537 ], [ 32.896607781287813, -13.838837960307002 ], [ 32.89510061806056, -13.822049426693686 ], [ 32.888822191084124, -13.813501375528352 ], [ 32.8888177179591, -13.81349687277689 ], [ 32.871271156866506, -13.80072156922613 ], [ 32.867182189276413, -13.801970119322879 ], [ 32.863249224537888, -13.803178545835086 ], [ 32.861902637134982, -13.799102867768587 ], [ 32.861189153634172, -13.796949162426499 ], [ 32.861331816315136, -13.793943697780408 ], [ 32.861470090519319, -13.790978436507222 ], [ 32.848039227295409, -13.79339971748937 ], [ 32.834488061293392, -13.782251969541937 ], [ 32.833368828496759, -13.782136027437746 ], [ 32.827335654178277, -13.781520669125273 ], [ 32.814738720343897, -13.780240939807568 ], [ 32.814118908768151, -13.782720194878117 ], [ 32.810600631400824, -13.796748527624446 ], [ 32.805191737821552, -13.796249100654345 ], [ 32.800790578702795, -13.788628498278653 ], [ 32.798904444446308, -13.787420029761224 ], [ 32.796799753737339, -13.786068961543716 ], [ 32.791100984317183, -13.777957837933954 ], [ 32.790298398701999, -13.776820795255281 ], [ 32.783961959970796, -13.774930130534305 ], [ 32.780180677582599, -13.77547854811657 ], [ 32.777509643859027, -13.775870997019172 ], [ 32.775922249964744, -13.776107305852536 ], [ 32.773599028063913, -13.77645069849409 ], [ 32.773599028063913, -13.776446217068633 ], [ 32.772109664774355, -13.77488103715487 ], [ 32.769857837639556, -13.772508846803312 ], [ 32.777451687584218, -13.766127837018431 ], [ 32.778651194930582, -13.760955265603517 ], [ 32.78160757688719, -13.748242375327832 ], [ 32.781612054755314, -13.748237924813402 ], [ 32.794320476226872, -13.746971532162885 ], [ 32.795417410098288, -13.745731950504572 ], [ 32.80548161183885, -13.734419172148996 ], [ 32.806016675605093, -13.72993336805987 ], [ 32.806248521338631, -13.727989174069601 ], [ 32.808014336800049, -13.726919002717297 ], [ 32.815951560108417, -13.722089770646893 ], [ 32.823928875479446, -13.72305738325662 ], [ 32.830278652234284, -13.723828855236846 ], [ 32.838376360798854, -13.719677394116184 ], [ 32.840440942422092, -13.718620557859015 ], [ 32.844008268576481, -13.713590732371943 ], [ 32.843156531532728, -13.710447093378392 ], [ 32.842639306682081, -13.708529666596441 ], [ 32.839954944618704, -13.705122879983445 ], [ 32.83914784056747, -13.704101723560703 ], [ 32.834394419407985, -13.698068613983807 ], [ 32.826582073835773, -13.688160486995981 ], [ 32.799938908233194, -13.668629619539557 ], [ 32.799212072605187, -13.657187579309914 ], [ 32.798899967341747, -13.652300353675633 ], [ 32.786539310037313, -13.640238537695057 ], [ 32.781397978093359, -13.638361255105002 ], [ 32.773648030102649, -13.635529691443024 ], [ 32.769255837697564, -13.635953303055546 ], [ 32.760471400407816, -13.636800543025185 ], [ 32.754991185814198, -13.644800144565348 ], [ 32.750661413843758, -13.644519278530325 ], [ 32.746759672146013, -13.644269562449143 ], [ 32.736450240699448, -13.640501595626702 ], [ 32.727268970135626, -13.640189449373137 ], [ 32.718007427905661, -13.633888759143582 ], [ 32.716990743071825, -13.633202037074922 ], [ 32.713677636558565, -13.63280076258398 ], [ 32.704781721387349, -13.631721635172022 ], [ 32.689589523184239, -13.62101089056204 ], [ 32.684969950193604, -13.619530419210388 ], [ 32.679971240353716, -13.617929613271283 ], [ 32.679632392926983, -13.617559526355627 ], [ 32.675320459422984, -13.612828403717113 ], [ 32.67395146751587, -13.607762870988013 ], [ 32.67395146751587, -13.607758392616828 ], [ 32.684399169034371, -13.59612905323722 ], [ 32.680809604941395, -13.577021869977195 ], [ 32.680814087229237, -13.577017354487621 ], [ 32.681621155320904, -13.576776558668227 ], [ 32.684100417003052, -13.576031929435652 ], [ 32.690476937259675, -13.57411006611706 ], [ 32.690481419134294, -13.574110027327807 ], [ 32.690245086423708, -13.570315335724478 ], [ 32.690071154860938, -13.567439254629258 ], [ 32.692358701975877, -13.565245337407219 ], [ 32.692920475260628, -13.564710294949016 ], [ 32.705611092761053, -13.564589853758488 ], [ 32.708692307043982, -13.566792647431479 ], [ 32.721258097536122, -13.575768820839023 ], [ 32.723202280423209, -13.575492352713086 ], [ 32.724330396165612, -13.575331815570195 ], [ 32.731349024192319, -13.578841179520893 ], [ 32.73582150851157, -13.57773079905545 ], [ 32.747571215725273, -13.578979382569527 ], [ 32.752079424534209, -13.574190295301872 ], [ 32.75927193694416, -13.558168758693228 ], [ 32.766402016621527, -13.550178048138758 ], [ 32.770682804312919, -13.550401011375682 ], [ 32.782138202643551, -13.550998505062781 ], [ 32.783181620765319, -13.550619532102166 ], [ 32.792068624972309, -13.547377769986401 ], [ 32.793219053141605, -13.546958588200107 ], [ 32.797740563206133, -13.540791665776119 ], [ 32.803657810925344, -13.536470798760178 ], [ 32.808429033378978, -13.535360449241695 ], [ 32.821801893894161, -13.532261373315803 ], [ 32.836958351159431, -13.518821628843936 ], [ 32.842924684316969, -13.515419389673589 ], [ 32.844516536244583, -13.514509688360024 ], [ 32.844521011327934, -13.514509725235866 ], [ 32.847169710445215, -13.507178933654044 ], [ 32.843972553770641, -13.495652135428001 ], [ 32.843968078660339, -13.495652174837092 ], [ 32.843834341649021, -13.493195224467925 ], [ 32.843361699521168, -13.484611405585978 ], [ 32.843143192152631, -13.468291092062682 ], [ 32.843071847979715, -13.462998170016405 ], [ 32.843731758184809, -13.461192263094199 ], [ 32.84498925902318, -13.457731980467544 ], [ 32.848997976255177, -13.456380868699712 ], [ 32.86075212958157, -13.456478950867732 ], [ 32.875770421105237, -13.458668378839988 ], [ 32.882610645090942, -13.455738733602878 ], [ 32.8885412444792, -13.449348824352207 ], [ 32.90118280619469, -13.429791254276333 ], [ 32.915438533881648, -13.407732050128875 ], [ 32.920000231445854, -13.39627219072861 ], [ 32.922425943251355, -13.385454434508036 ], [ 32.922680137389314, -13.384330729017572 ], [ 32.922698023825781, -13.38179790355286 ], [ 32.922898644084114, -13.358253873254812 ], [ 32.92293880247837, -13.353059022408127 ], [ 32.929614074398003, -13.334955074989409 ], [ 32.933497925428213, -13.324409325492763 ], [ 32.9326640567648, -13.320828656311116 ], [ 32.932369733346981, -13.319571159443296 ], [ 32.933747620372039, -13.316052938867465 ], [ 32.938839919959115, -13.303068034043525 ], [ 32.938594708614673, -13.299866405474617 ], [ 32.938211156294265, -13.294778556186376 ], [ 32.939522158033135, -13.292370628912456 ], [ 32.941069492859882, -13.289521324969906 ], [ 32.945430480522873, -13.2730003254316 ], [ 32.952837035108459, -13.262909372050524 ], [ 32.953318618824106, -13.262249406706841 ], [ 32.955160255428254, -13.259738964025075 ], [ 32.956132338405176, -13.259475895412459 ], [ 32.958459952151465, -13.258851569398168 ], [ 32.967610076785896, -13.260068947667097 ], [ 32.969741538574922, -13.257790341151809 ], [ 32.972769239713315, -13.24858225335249 ], [ 32.973589709761725, -13.246089677874263 ], [ 32.978789043363371, -13.241068681487944 ], [ 32.981402058469058, -13.230647784044617 ], [ 32.981950538870514, -13.228449440266218 ], [ 32.982320602447935, -13.228244321209013 ], [ 32.991381489016966, -13.223241227428838 ], [ 33.001499204189521, -13.221247976189376 ], [ 33.012343768365994, -13.215143487872394 ], [ 33.013998053969416, -13.214211525731168 ], [ 33.014448413530381, -13.213658599369742 ], [ 33.016597774125678, -13.211009874722343 ], [ 33.016602155613562, -13.211009931504853 ], [ 33.013850969286551, -13.202947826372997 ], [ 33.013846501758032, -13.202947858317089 ], [ 33.012611308289038, -13.201543249044393 ], [ 33.010591338269435, -13.19923788364817 ], [ 33.009521152517138, -13.195657252034069 ], [ 33.006471111490356, -13.185410187401709 ], [ 33.001427886678606, -13.178271198278271 ], [ 32.996478240888152, -13.171225773156298 ], [ 32.995559655532873, -13.169919293689283 ], [ 32.980639578040922, -13.156929886581006 ], [ 32.97785705942902, -13.141751161589012 ], [ 32.974561785282631, -13.123772057348257 ], [ 32.974428050256591, -13.11019853813583 ], [ 32.9789406489257, -13.104259026013663 ], [ 32.980157954170586, -13.098060892047338 ], [ 32.979872536785237, -13.085660155068011 ], [ 32.979640747358104, -13.07575201539597 ], [ 32.98423354968191, -13.070610629732764 ], [ 32.988670425007875, -13.065638764464104 ], [ 32.989499787434369, -13.064715711921663 ], [ 32.991479624922206, -13.062508471462252 ], [ 32.994266575462397, -13.05807612950233 ], [ 32.996228530870596, -13.054950328472158 ], [ 32.995381351025202, -13.043450270801419 ], [ 32.991336889567542, -13.038545293998983 ], [ 32.987943577827537, -13.034420570091893 ], [ 32.987939109140186, -13.03442059478658 ], [ 32.987060663637941, -13.027058605846818 ], [ 32.991550949556768, -13.0231791855681 ], [ 32.999198286576849, -13.004620392958847 ], [ 33.003318556690658, -13.001115562598775 ], [ 33.00723811982278, -12.997780171991486 ], [ 33.012241185422802, -12.98838926472493 ], [ 33.011130894483458, -12.980331703738905 ], [ 33.011848809014246, -12.970905144665359 ], [ 33.012428480826792, -12.963329124500424 ], [ 33.015429454893592, -12.952988485032915 ], [ 33.017489532929936, -12.945889571254487 ], [ 33.017337986045561, -12.935540006791067 ], [ 33.024989784108321, -12.916508534971507 ], [ 33.0256496993889, -12.912687098312315 ], [ 33.025979655389754, -12.910769722150432 ], [ 33.022051209401695, -12.903149097873813 ], [ 33.021707838831745, -12.901410081268361 ], [ 33.02024079038555, -12.893941055430432 ], [ 33.01793549523758, -12.890601164038992 ], [ 33.015607809392506, -12.887230127733257 ], [ 33.006132240914042, -12.882570346635594 ], [ 33.000420156233552, -12.879761138456761 ], [ 32.987992561549625, -12.867378222471636 ], [ 32.980180299368016, -12.859588120910622 ], [ 32.975993151397084, -12.857287250558317 ], [ 32.97083845266544, -12.854460183853668 ], [ 32.970098238966891, -12.853880509552788 ], [ 32.961166679471653, -12.846835130011334 ], [ 32.960818801038826, -12.846558633139306 ], [ 32.957331783615068, -12.84262128243031 ], [ 32.956801220219759, -12.839045054654177 ], [ 32.955998578693432, -12.833640599812416 ], [ 32.956997388023296, -12.807514785920571 ], [ 32.958072005964389, -12.779391238231929 ], [ 32.959610457755531, -12.763855687425183 ], [ 32.960368456973811, -12.756181607846553 ], [ 32.961906873416247, -12.752801589870199 ], [ 32.963708295688036, -12.748841925359887 ], [ 32.97478920317522, -12.740650521064898 ], [ 32.975516060290921, -12.739879143955751 ], [ 32.97563200283529, -12.739758727980934 ], [ 32.991341358111157, -12.72308166997635 ], [ 33.000214965670452, -12.710694304842237 ], [ 33.006261551449846, -12.702262162148168 ], [ 33.008428702307981, -12.695149870919039 ], [ 33.00871850563685, -12.692532390270111 ], [ 33.011460812764064, -12.66780220526493 ], [ 33.01501475367936, -12.657804931615281 ], [ 33.015050407570442, -12.657711273892581 ], [ 33.016655678549732, -12.655914269795863 ], [ 33.019540719639224, -12.65269033394741 ], [ 33.026109026022851, -12.651820797262411 ], [ 33.034130878401413, -12.63779690545447 ], [ 33.035820877184733, -12.634840560086245 ], [ 33.040119485933211, -12.627318023619067 ], [ 33.056167834153896, -12.611568523639267 ], [ 33.065558682625714, -12.608879683312502 ], [ 33.069946417958668, -12.604875416720699 ], [ 33.074298497873407, -12.600897854544977 ], [ 33.083221182588559, -12.597749721396839 ], [ 33.086061618470424, -12.593861365513108 ], [ 33.090730281435881, -12.595738656798854 ], [ 33.099541435843882, -12.607987802669745 ], [ 33.106537812160823, -12.612179384266776 ], [ 33.109739440747703, -12.611862800596219 ], [ 33.115219674134082, -12.611318773574819 ], [ 33.119906181611633, -12.607091561020695 ], [ 33.129132043324446, -12.598770850016724 ], [ 33.134108440503887, -12.597660520458808 ], [ 33.137109414480854, -12.596991677478396 ], [ 33.145229424629647, -12.596206902571707 ], [ 33.152577998245739, -12.595497920420984 ], [ 33.163623203898744, -12.599515560376151 ], [ 33.168702162327058, -12.601361592814278 ], [ 33.178472035475508, -12.611550676593922 ], [ 33.178605752148968, -12.615715456810721 ], [ 33.17865927307291, -12.617298415030744 ], [ 33.177156559021597, -12.623331602186147 ], [ 33.174079783053976, -12.635669930759269 ], [ 33.174784333905237, -12.638323074498027 ], [ 33.175671748555594, -12.641658473172187 ], [ 33.181058335744652, -12.641930491071157 ], [ 33.186823959692681, -12.638974119606873 ], [ 33.188589729384937, -12.638068924871593 ], [ 33.19307111998819, -12.633048002003397 ], [ 33.195590488186895, -12.623634839469748 ], [ 33.198850100015996, -12.611470420621348 ], [ 33.201619196908226, -12.608790492525431 ], [ 33.204468561388246, -12.606025863494102 ], [ 33.20687205052652, -12.603698188141353 ], [ 33.212811579285486, -12.600643708736381 ], [ 33.217449015491141, -12.59825810188436 ], [ 33.223080896283378, -12.597838926458138 ], [ 33.227312523491186, -12.59552908098393 ], [ 33.232239874668331, -12.592840273185161 ], [ 33.238411271322271, -12.582530826449268 ], [ 33.262971945994039, -12.552579041014031 ], [ 33.262432398349937, -12.545890392200654 ], [ 33.262120288900348, -12.541988691627783 ], [ 33.264942949108018, -12.540365522812399 ], [ 33.270811074405259, -12.536990030710141 ], [ 33.281361308893672, -12.536829497322209 ], [ 33.285035645185417, -12.536124935754049 ], [ 33.291710869099077, -12.5348407774725 ], [ 33.295188976214384, -12.53417184887366 ], [ 33.301779552435775, -12.530301357112247 ], [ 33.30829875695089, -12.528103054548552 ], [ 33.315147963406716, -12.525788745040272 ], [ 33.31515241724491, -12.525788732993863 ], [ 33.321212263936559, -12.528963632227423 ], [ 33.324489765768448, -12.530680429803825 ], [ 33.325805137370999, -12.531759513530709 ], [ 33.331008982806082, -12.536017929012328 ], [ 33.332195041860601, -12.539224025783492 ], [ 33.332627585835219, -12.540396784229202 ], [ 33.332632038864929, -12.540401253114178 ], [ 33.338678631228973, -12.545038731819131 ], [ 33.351048171712748, -12.550492189696758 ], [ 33.35456190317354, -12.552039531359682 ], [ 33.36064855792889, -12.553230084775402 ], [ 33.37028026046687, -12.549381877117 ], [ 33.382012118578089, -12.537159455847336 ], [ 33.383010963858531, -12.536120480469567 ], [ 33.385071103016244, -12.534604374783155 ], [ 33.394778583505953, -12.527460958384705 ], [ 33.399050382636645, -12.525721896207717 ], [ 33.400303380328303, -12.525209043978577 ], [ 33.409801225292064, -12.521338598192941 ], [ 33.414278220357787, -12.516308718483558 ], [ 33.415589201201847, -12.503653783521484 ], [ 33.415780944128869, -12.501830028853247 ], [ 33.419201022520241, -12.497103343461045 ], [ 33.43350134982731, -12.477340661900765 ], [ 33.442820900146906, -12.472676443682554 ], [ 33.447592126750756, -12.470290760042541 ], [ 33.448341306022108, -12.468747941828264 ], [ 33.449487259269752, -12.466393550273539 ], [ 33.4494917068916, -12.466389063853446 ], [ 33.458891546089063, -12.459780708607139 ], [ 33.463172205779514, -12.459972454417761 ], [ 33.470828493244774, -12.46032021943828 ], [ 33.472121683457686, -12.459013700373527 ], [ 33.476718981256596, -12.454371810437472 ], [ 33.478346589159841, -12.451575913180109 ], [ 33.478850470758651, -12.450710906213999 ], [ 33.478850470758651, -12.450706434418482 ], [ 33.477494866731682, -12.445939658194312 ], [ 33.476589694903438, -12.442738020202077 ], [ 33.471519684764353, -12.424901609777892 ], [ 33.472821758695588, -12.420197211560939 ], [ 33.473428195677272, -12.418007834999269 ], [ 33.47472579713925, -12.416130575998974 ], [ 33.476268615919473, -12.413892111843017 ], [ 33.4766966639788, -12.41386533794225 ], [ 33.48305986882238, -12.413481826486207 ], [ 33.486707362034089, -12.411114099872281 ], [ 33.487991616498256, -12.410280184550368 ], [ 33.492071687874471, -12.409673752455513 ], [ 33.496892005297553, -12.408960280839411 ], [ 33.496892005297553, -12.408955887511732 ], [ 33.497609851313833, -12.408344971682748 ], [ 33.500900657689158, -12.405531240073234 ], [ 33.503500395578158, -12.400960676514471 ], [ 33.505859178313592, -12.396818208311338 ], [ 33.511981534274284, -12.391560889167767 ], [ 33.519263312884874, -12.388363705382037 ], [ 33.522308853325136, -12.387030468830716 ], [ 33.534482177810752, -12.378535873892655 ], [ 33.543230909053229, -12.37243139525053 ], [ 33.545589817247368, -12.369448216908323 ], [ 33.54760979993322, -12.360467577939568 ], [ 33.548051198152436, -12.35851896725644 ], [ 33.548140400330141, -12.358126581307774 ], [ 33.548229602427, -12.357738586485914 ], [ 33.547480438939047, -12.355954994047741 ], [ 33.54221869756001, -12.343451657344694 ], [ 33.535253576506413, -12.335911318011318 ], [ 33.531530261612978, -12.331880288819553 ], [ 33.526620766329579, -12.331621649943335 ], [ 33.526616322300988, -12.331626123122259 ], [ 33.515321417985135, -12.342140695500007 ], [ 33.511812122333346, -12.342350252612007 ], [ 33.502251825862203, -12.334471003526788 ], [ 33.485650602843393, -12.332531307967086 ], [ 33.481476888108539, -12.328272883349602 ], [ 33.476121457925096, -12.322810486094037 ], [ 33.464657144722565, -12.32267671751592 ], [ 33.454111389341953, -12.322551878092915 ], [ 33.448243200569756, -12.326779076561454 ], [ 33.448238752885018, -12.326779083640179 ], [ 33.432970795594805, -12.337788620831432 ], [ 33.430509351690894, -12.338640321646128 ], [ 33.423321245274863, -12.341128506779082 ], [ 33.407901714303534, -12.341480771065603 ], [ 33.402064754941165, -12.340633520666522 ], [ 33.394568997998206, -12.339549944078627 ], [ 33.384651974823441, -12.342145107359929 ], [ 33.38168216354741, -12.34292101363101 ], [ 33.37921187289983, -12.344111621592432 ], [ 33.369928008729815, -12.348588520637232 ], [ 33.367065262837528, -12.348245228202748 ], [ 33.365959416519665, -12.348111419667569 ], [ 33.365959416519665, -12.348106948249344 ], [ 33.365214730845942, -12.340633545064765 ], [ 33.363101089997215, -12.319341342647116 ], [ 33.361255019236957, -12.315345968765772 ], [ 33.358650907010663, -12.309718587922257 ], [ 33.358057870503494, -12.30844327048244 ], [ 33.357331016981043, -12.306878112667233 ], [ 33.355177306716186, -12.304073363878185 ], [ 33.351297835799436, -12.299021216010885 ], [ 33.339771089567883, -12.290936854983119 ], [ 33.338718705945169, -12.290201074641184 ], [ 33.333858326013996, -12.28212119106832 ], [ 33.331160559397745, -12.265537795556494 ], [ 33.327709178662332, -12.25654822996588 ], [ 33.31789028536511, -12.255571735551241 ], [ 33.311148083611833, -12.249538528614934 ], [ 33.307710122646753, -12.238239190861622 ], [ 33.307768112536522, -12.230306444002046 ], [ 33.307768112536522, -12.22973567069409 ], [ 33.307768112536522, -12.229731202662514 ], [ 33.308784771588712, -12.223524150015432 ], [ 33.311571728030835, -12.206490372727309 ], [ 33.31161189963931, -12.206213884730637 ], [ 33.311669801539097, -12.205839372076088 ], [ 33.308998826250928, -12.185581639383187 ], [ 33.30936003707496, -12.166269268793993 ], [ 33.305449346495095, -12.161712115977492 ], [ 33.305190741108071, -12.161408841314993 ], [ 33.297699451415163, -12.160650820312572 ], [ 33.288130256358578, -12.159678692249205 ], [ 33.277147453281707, -12.156655429983076 ], [ 33.272719623415732, -12.155438152810548 ], [ 33.266891546352348, -12.151630059834385 ], [ 33.26648578819016, -12.151362539503598 ], [ 33.265968540486369, -12.151019160633217 ], [ 33.261348837796973, -12.142248126863279 ], [ 33.260207332593396, -12.130003440867265 ], [ 33.260037905345158, -12.128210822489494 ], [ 33.260809281151751, -12.118329504849957 ], [ 33.261099198952934, -12.117308376894824 ], [ 33.262240693682159, -12.113299640474814 ], [ 33.270151175420125, -12.085501611774282 ], [ 33.279461754884821, -12.057730327536726 ], [ 33.283885164913833, -12.04968605829314 ], [ 33.288049979347463, -12.042119013690284 ], [ 33.289169225097801, -12.040090100915076 ], [ 33.293226982403198, -12.027234541634289 ], [ 33.293231437238525, -12.027230091299524 ], [ 33.297369465347685, -12.022182352013296 ], [ 33.301480761471474, -12.017170322259799 ], [ 33.308601981029256, -12.001122035025737 ], [ 33.308775863337395, -11.999374051526951 ], [ 33.309038998919419, -11.996752105523424 ], [ 33.310100185277335, -11.986402491203506 ], [ 33.310100185277335, -11.986398035236304 ], [ 33.309640901753525, -11.984601069740194 ], [ 33.307821648219786, -11.977421896485763 ], [ 33.309970931703702, -11.970082173799488 ], [ 33.310305328930411, -11.960847407356754 ], [ 33.310550558537599, -11.954207795176236 ], [ 33.318465496763793, -11.935599995785141 ], [ 33.319330534281605, -11.933571126802805 ], [ 33.320324975274922, -11.929397381839644 ], [ 33.322937999947669, -11.918410122310481 ], [ 33.323022701538854, -11.905398470732862 ], [ 33.323080682256823, -11.896787999114913 ], [ 33.317319524274239, -11.884329268922054 ], [ 33.310568460362212, -11.876829022513718 ], [ 33.309502739389593, -11.87563846950224 ], [ 33.307121570421685, -11.872989767896629 ], [ 33.304838509017173, -11.865150661116843 ], [ 33.305498429184581, -11.860459672097051 ], [ 33.305810570551316, -11.858261336466372 ], [ 33.314800135710733, -11.841758187009717 ], [ 33.321167728402266, -11.832848925703072 ], [ 33.329189617027843, -11.821620868315339 ], [ 33.333720112580835, -11.80761930848163 ], [ 33.333617522810449, -11.802669740009177 ], [ 33.333541736468455, -11.798879470075374 ], [ 33.330799344288749, -11.788739522991927 ], [ 33.327691365654154, -11.784592520641214 ], [ 33.327330223227847, -11.784110953481518 ], [ 33.322541126213473, -11.76705933288504 ], [ 33.323138662938852, -11.761601373980715 ], [ 33.323530995132337, -11.75810103084922 ], [ 33.315005269410477, -11.722133930061494 ], [ 33.314898205949127, -11.721701349489512 ], [ 33.316610521947361, -11.710442162566643 ], [ 33.314800135710733, -11.66741178983618 ], [ 33.317141117915583, -11.636389839408711 ], [ 33.317297255613269, -11.634316389823601 ], [ 33.317609358954314, -11.630169378741263 ], [ 33.315870337848303, -11.610839155959377 ], [ 33.311067825662967, -11.595401815402445 ], [ 33.309574090470548, -11.593979358311852 ], [ 33.306671181216323, -11.591219136684801 ], [ 33.292460061800242, -11.586068853541082 ], [ 33.292250425501749, -11.582849397860445 ], [ 33.289481333343645, -11.578229779639635 ], [ 33.285057921248502, -11.576129545984827 ], [ 33.278712633231407, -11.583219514025245 ], [ 33.278708177731325, -11.583219487650709 ], [ 33.275261269555003, -11.582202858198009 ], [ 33.269415349785135, -11.580481635825947 ], [ 33.260309914350806, -11.577801750921029 ], [ 33.241581681530633, -11.586407791994098 ], [ 33.240712179772132, -11.586554898820435 ], [ 33.240038790588748, -11.586670846970287 ], [ 33.231851888443352, -11.58802647353599 ], [ 33.224289277754053, -11.589279472889528 ], [ 33.224770825815568, -11.553865291896543 ], [ 33.224770825815568, -11.553860779272593 ], [ 33.230442832231518, -11.548353846401886 ], [ 33.230639057194857, -11.548162060014365 ], [ 33.230639057194857, -11.54815762313636 ], [ 33.23560198588833, -11.539448980282431 ], [ 33.239820298114282, -11.537179325469966 ], [ 33.245857933232898, -11.531311111257478 ], [ 33.248751946578665, -11.528501882866552 ], [ 33.24978199401405, -11.523828757169579 ], [ 33.252341466447582, -11.512221757426834 ], [ 33.251142003343247, -11.502759515356789 ], [ 33.241077758887791, -11.493038694031712 ], [ 33.243427718442369, -11.485163865286511 ], [ 33.247989389048129, -11.469837981608439 ], [ 33.247298222384934, -11.463938591130454 ], [ 33.246879097354203, -11.460398029399608 ], [ 33.246223578761004, -11.459055841504789 ], [ 33.24183137041981, -11.450021682124133 ], [ 33.238001022805371, -11.446659517678958 ], [ 33.234170610413422, -11.443301830850386 ], [ 33.230197571901947, -11.436198485179604 ], [ 33.226799782814837, -11.430129658793625 ], [ 33.227169871949329, -11.426491014256953 ], [ 33.227548875380798, -11.422781054365322 ], [ 33.231098371225457, -11.415441345944293 ], [ 33.231539766713787, -11.4122932885421 ], [ 33.231838515493209, -11.410161808490322 ], [ 33.239829212680746, -11.401020654926389 ], [ 33.24395837150751, -11.402460932579993 ], [ 33.245180208285873, -11.402889033065007 ], [ 33.245180208285873, -11.402893461777323 ], [ 33.249349423413371, -11.407290163051396 ], [ 33.24943864608165, -11.410340140450508 ], [ 33.249541153476521, -11.413729124403917 ], [ 33.253260059204976, -11.417002061455673 ], [ 33.269584846383303, -11.431369300872623 ], [ 33.272719623415732, -11.434129455099079 ], [ 33.27272407919429, -11.434129487546228 ], [ 33.278311294259396, -11.436470478168292 ], [ 33.284380126700015, -11.435592036726428 ], [ 33.288598466207802, -11.431940027908359 ], [ 33.293565892208946, -11.421853571547494 ], [ 33.293570347035285, -11.421849101225213 ], [ 33.291880326800197, -11.395861475469969 ], [ 33.291875871901993, -11.395857015415432 ], [ 33.291175764630168, -11.394876053813633 ], [ 33.290738837559687, -11.394269602854155 ], [ 33.286092467707341, -11.387817247503969 ], [ 33.283559672821283, -11.384299018421093 ], [ 33.283506123744139, -11.382180967868401 ], [ 33.283367924136051, -11.376941525369665 ], [ 33.28879020456241, -11.368919582629571 ], [ 33.294631617062286, -11.367118119987486 ], [ 33.294636071834731, -11.367122579503034 ], [ 33.303170785739994, -11.369231727544648 ], [ 33.312588432816248, -11.367470391235949 ], [ 33.31655253734867, -11.362815049333943 ], [ 33.318229194577967, -11.360839695517345 ], [ 33.318184572023867, -11.360581070493149 ], [ 33.317328431735035, -11.355537833185833 ], [ 33.315696382623912, -11.353112053575492 ], [ 33.308789225705382, -11.34282938753163 ], [ 33.308307665247121, -11.340537388348181 ], [ 33.307429252371684, -11.336390455338424 ], [ 33.308026711042451, -11.334593409020888 ], [ 33.308829398463708, -11.332172129278417 ], [ 33.309092448247632, -11.331360557851381 ], [ 33.309101356471992, -11.33133829261299 ], [ 33.313359819402628, -11.327641712561578 ], [ 33.326451726009587, -11.316270973134188 ], [ 33.337019797212719, -11.304837860361838 ], [ 33.34235293450763, -11.296089060532987 ], [ 33.3476279826669, -11.287429552129467 ], [ 33.349558821251129, -11.276870397990118 ], [ 33.352809505524128, -11.271211795246687 ], [ 33.356399112556574, -11.264951195193332 ], [ 33.359511561118197, -11.253241574499677 ], [ 33.365830066422056, -11.247663246341913 ], [ 33.376848513787017, -11.23793791975009 ], [ 33.382025556404557, -11.230616103415935 ], [ 33.382030007152551, -11.230611652784726 ], [ 33.382551684610704, -11.223031162800567 ], [ 33.392227925045546, -11.202849306541701 ], [ 33.393498812515404, -11.18630153683962 ], [ 33.39784195435476, -11.179893840425301 ], [ 33.401262072559462, -11.174850571793732 ], [ 33.401355690657475, -11.174150524196993 ], [ 33.40199783647121, -11.169339121007997 ], [ 33.405783619850176, -11.161549055442476 ], [ 33.406011065024593, -11.161080894254992 ], [ 33.405926265175687, -11.159796648971607 ], [ 33.405368946034557, -11.151190582592998 ], [ 33.403598646919853, -11.14870690076846 ], [ 33.403059113370318, -11.147948821851653 ], [ 33.392138748335078, -11.14304828864662 ], [ 33.384054390909554, -11.144377099405148 ], [ 33.378609889900062, -11.145268946540744 ], [ 33.373758367007248, -11.138339454099635 ], [ 33.372188732042567, -11.129131397148463 ], [ 33.376219809923015, -11.118799688030823 ], [ 33.375831800449632, -11.118081751572161 ], [ 33.365861312486651, -11.099638966096142 ], [ 33.358231749496845, -11.090618136133267 ], [ 33.351583202088612, -11.086863610505979 ], [ 33.347552207311303, -11.0845805723319 ], [ 33.345077445901268, -11.081481438078397 ], [ 33.339401001205943, -11.074369223107254 ], [ 33.338308538680884, -11.073009158109462 ], [ 33.331588654933043, -11.067448669756622 ], [ 33.33103124831397, -11.063934900836079 ], [ 33.329350188459429, -11.053411431597656 ], [ 33.320329428870572, -11.044381784149245 ], [ 33.320329428870572, -11.044377302894466 ], [ 33.318050789899154, -11.03722932855206 ], [ 33.318568016959659, -11.028262102023385 ], [ 33.313792361939939, -11.017279355369698 ], [ 33.310804781241984, -11.010416769055693 ], [ 33.310541650447988, -11.009810371707673 ], [ 33.308927474747762, -10.998537729557967 ], [ 33.307870644060145, -10.991157945163106 ], [ 33.311647531584548, -10.956501791038539 ], [ 33.313078879849478, -10.943360846199718 ], [ 33.309868316753537, -10.936208413662289 ], [ 33.30534681241128, -10.931686908915786 ], [ 33.304080417604801, -10.930420514971695 ], [ 33.299491996319723, -10.920962766768776 ], [ 33.299491996319723, -10.920958291514744 ], [ 33.280540829502783, -10.900829905254326 ], [ 33.279274453596862, -10.900192270088246 ], [ 33.276830849794315, -10.898961569722804 ], [ 33.276826394204406, -10.898961515994566 ], [ 33.273281392738916, -10.903607949824924 ], [ 33.271421954696891, -10.906051528007518 ], [ 33.262646469550141, -10.902952480144997 ], [ 33.262129201427641, -10.902769629039094 ], [ 33.260871755377515, -10.90389780582202 ], [ 33.258615458962481, -10.90594004964994 ], [ 33.25581069850432, -10.908481720618644 ], [ 33.252568929947635, -10.907692485289108 ], [ 33.250923535770077, -10.907291154518713 ], [ 33.250918993286128, -10.907291185636355 ], [ 33.248430879470419, -10.897391945789431 ], [ 33.245889132297634, -10.893918276180951 ], [ 33.247320507098799, -10.889329859396431 ], [ 33.249639289642275, -10.886721293493636 ], [ 33.265620707858638, -10.868760037537902 ], [ 33.274249057648561, -10.865830437764528 ], [ 33.278681359013611, -10.865629791859298 ], [ 33.284250838846674, -10.867511538618174 ], [ 33.28502227953858, -10.871141209613977 ], [ 33.286061195861102, -10.876019448870466 ], [ 33.295380701543415, -10.874249234943006 ], [ 33.30236813710799, -10.872920395950429 ], [ 33.305899741377814, -10.87153360968416 ], [ 33.311009923403859, -10.869518068799081 ], [ 33.317752049114745, -10.860515191541396 ], [ 33.319228014894222, -10.858539804011027 ], [ 33.319517843861014, -10.857750532973458 ], [ 33.320075231175288, -10.856229947837884 ], [ 33.321832162127869, -10.851432013305541 ], [ 33.327116123452235, -10.841920754688967 ], [ 33.334558381704554, -10.828521106771335 ], [ 33.363881404678686, -10.829172146553169 ], [ 33.366708547883867, -10.82803066137304 ], [ 33.376242065001463, -10.824178001960535 ], [ 33.388651720212387, -10.812539720157702 ], [ 33.403322163091367, -10.811478437464455 ], [ 33.409560440665686, -10.812307865081685 ], [ 33.416110867691565, -10.813181847762586 ], [ 33.423120619725459, -10.815170596672793 ], [ 33.432248357714194, -10.817761331996364 ], [ 33.442597990180076, -10.82069985432223 ], [ 33.452608667798692, -10.820530390728159 ], [ 33.46030950270093, -10.816441434492765 ], [ 33.472500667045367, -10.801338449345966 ], [ 33.477089139435606, -10.798225972253851 ], [ 33.483251562117488, -10.794047858010913 ], [ 33.495612230677814, -10.791131588652451 ], [ 33.499897399084539, -10.788500715281463 ], [ 33.503781291598948, -10.786119534743257 ], [ 33.5100998652646, -10.779261426611789 ], [ 33.512645930459293, -10.778646122261115 ], [ 33.516627936627678, -10.777691821525073 ], [ 33.523365633230988, -10.770798051660233 ], [ 33.52646026852392, -10.767632120460865 ], [ 33.52646026852392, -10.767627663101274 ], [ 33.529929456275745, -10.766191851413124 ], [ 33.531360799025023, -10.765589841113558 ], [ 33.533969361271673, -10.756172194737983 ], [ 33.532069839395561, -10.743379088572553 ], [ 33.53150795717211, -10.739602183252524 ], [ 33.532239300716896, -10.735468603160477 ], [ 33.537590208960857, -10.734121925512818 ], [ 33.544318985913236, -10.736917785858406 ], [ 33.54432342911538, -10.736917840637672 ], [ 33.546740241149664, -10.735174303673778 ], [ 33.54970108310691, -10.733038399985164 ], [ 33.552015402128355, -10.728579300491781 ], [ 33.559809868172145, -10.713552099009997 ], [ 33.567394828775029, -10.706497816086099 ], [ 33.569642171187546, -10.704410999470747 ], [ 33.577222671717927, -10.692540859528641 ], [ 33.584419673215962, -10.681268257919905 ], [ 33.591964487273366, -10.671761409222894 ], [ 33.592111636760698, -10.67157863156325 ], [ 33.593328963340568, -10.670058051781634 ], [ 33.597101346361789, -10.660881210612848 ], [ 33.600896037713589, -10.657835694274388 ], [ 33.60223826782024, -10.656761027141547 ], [ 33.615941022747791, -10.66052006392853 ], [ 33.623392224474365, -10.659641595393477 ], [ 33.638602209841117, -10.641791838663185 ], [ 33.64611136781555, -10.630100075435331 ], [ 33.64871096249513, -10.628004306137992 ], [ 33.651480074479053, -10.625770286307073 ], [ 33.661250008245823, -10.622724672546321 ], [ 33.663831775499261, -10.621922081568197 ], [ 33.669713345288471, -10.617525383905351 ], [ 33.684611167180954, -10.606399918048703 ], [ 33.684967971220544, -10.605378771983535 ], [ 33.685931130566999, -10.602640905956408 ], [ 33.68743826014336, -10.598360199176273 ], [ 33.701462148465836, -10.585330651622074 ], [ 33.705698325640554, -10.575007852678143 ], [ 33.705372820423619, -10.572252122510729 ], [ 33.705047228770788, -10.569541018858985 ], [ 33.705038357512095, -10.569478538336028 ], [ 33.698617222894015, -10.572448363095774 ], [ 33.697083315778706, -10.573157355406442 ], [ 33.687317878367402, -10.577669958486283 ], [ 33.681512153598142, -10.576720148051052 ], [ 33.679117561823603, -10.571730410692016 ], [ 33.678520034880869, -10.570490825485358 ], [ 33.678560222802751, -10.568403951773087 ], [ 33.678850070220932, -10.552560732589887 ], [ 33.678850070220932, -10.552556293771524 ], [ 33.674230408440813, -10.546317966340709 ], [ 33.674029715374033, -10.543727257939647 ], [ 33.673797876800066, -10.540802082081587 ], [ 33.66850937851639, -10.530198380990356 ], [ 33.660991341171481, -10.527728007994213 ], [ 33.657869956106531, -10.526697946554092 ], [ 33.646708844793984, -10.52019214993358 ], [ 33.643801486139239, -10.513481194101171 ], [ 33.639810656834911, -10.504282017221161 ], [ 33.633572353227422, -10.497580044451761 ], [ 33.633567914220407, -10.497580055761549 ], [ 33.624970704350154, -10.499600013599999 ], [ 33.620819337004626, -10.492911348778645 ], [ 33.630660576640139, -10.478940978694146 ], [ 33.630138805182277, -10.474860875778086 ], [ 33.629541308431918, -10.47019225874349 ], [ 33.625006390373969, -10.461189338330737 ], [ 33.618741322262089, -10.448748452919467 ], [ 33.618736882563375, -10.448748387998222 ], [ 33.614353597322641, -10.447218946291413 ], [ 33.598938506337483, -10.441841240925227 ], [ 33.588579985805431, -10.438229406302783 ], [ 33.576781238491364, -10.428499639374444 ], [ 33.5747835736762, -10.424673744807688 ], [ 33.566667942014917, -10.40912927640715 ], [ 33.563198815465306, -10.406119377416305 ], [ 33.56322999707578, -10.401522041465944 ], [ 33.556140059245699, -10.381710312681667 ], [ 33.554075489022082, -10.379641230831233 ], [ 33.550129142826378, -10.375690509615513 ], [ 33.5486353683686, -10.372693953068023 ], [ 33.548060169645147, -10.371539049159606 ], [ 33.549808140944812, -10.349939200967116 ], [ 33.542352509023701, -10.340048882477925 ], [ 33.541589969172009, -10.339041126287158 ], [ 33.534829978817783, -10.330069464084223 ], [ 33.539079542875513, -10.317909471774216 ], [ 33.537759660427675, -10.306182052741871 ], [ 33.540568853442949, -10.301370650037967 ], [ 33.54371701623549, -10.298289396292054 ], [ 33.548037869084993, -10.294048815054788 ], [ 33.549197234700848, -10.287342322986957 ], [ 33.550691000310223, -10.278660433085083 ], [ 33.550619657583596, -10.273532484448845 ], [ 33.550521571921131, -10.26647819395215 ], [ 33.557116581463198, -10.251250384590822 ], [ 33.563238967131184, -10.237119460241543 ], [ 33.560501011730665, -10.228370759478901 ], [ 33.559649341027502, -10.227336232558418 ], [ 33.557268227710225, -10.224437755061794 ], [ 33.556719737032047, -10.224147924783466 ], [ 33.534580280038149, -10.212349155191184 ], [ 33.529470198264093, -10.213009089677737 ], [ 33.528890439530556, -10.212719309929643 ], [ 33.518358110316285, -10.207421888635333 ], [ 33.503379950264367, -10.187788405195683 ], [ 33.498969871288061, -10.183485448412585 ], [ 33.494140682363742, -10.178772138629535 ], [ 33.479309716382538, -10.173621856042772 ], [ 33.459359696451848, -10.171427988335871 ], [ 33.457357597821932, -10.169443697683571 ], [ 33.451391334858755, -10.163522043880606 ], [ 33.449081498619229, -10.1612300683498 ], [ 33.436970581973881, -10.149221684764193 ], [ 33.419941269106104, -10.125659752515771 ], [ 33.41536177870988, -10.123934138441982 ], [ 33.408129068900827, -10.121209573239259 ], [ 33.398947776795403, -10.114846505577413 ], [ 33.385708735819755, -10.105669645885365 ], [ 33.379541836383659, -10.103805719725433 ], [ 33.37713834103802, -10.103078895272469 ], [ 33.365072025162625, -10.102771205372381 ], [ 33.361192609716845, -10.100737865331144 ], [ 33.359747847987755, -10.099979849925228 ], [ 33.354450431490449, -10.093968948130479 ], [ 33.353415930495345, -10.09330457425064 ], [ 33.35206925608162, -10.092439476096546 ], [ 33.350160814419823, -10.091226588667418 ], [ 33.349371569864587, -10.090718264162906 ], [ 33.338700894958194, -10.088350496882247 ], [ 33.328953341027905, -10.07683261882816 ], [ 33.319129863394231, -10.065221134668567 ], [ 33.318331715025359, -10.059442112303161 ], [ 33.317569189843155, -10.053948559461316 ], [ 33.318791042979839, -10.045222053266603 ], [ 33.333309838470932, -9.999997876591657 ], [ 33.334188273382047, -9.997268897310175 ], [ 33.337215978167599, -9.990045148007427 ], [ 33.338718705945169, -9.986460040744037 ], [ 33.3450417406535, -9.971370424244448 ], [ 33.346138665065659, -9.954416946209728 ], [ 33.346321470321548, -9.951612150771165 ], [ 33.346321470321548, -9.951607733763897 ], [ 33.347480884248796, -9.948397108244025 ], [ 33.349389378884247, -9.943122057838966 ], [ 33.349393831141406, -9.94311758476784 ], [ 33.350820767914726, -9.942051866768642 ], [ 33.357322113212327, -9.937191387789225 ], [ 33.361379923760872, -9.931684456490569 ], [ 33.365745316762016, -9.925753841004498 ], [ 33.365749768264592, -9.925749370098313 ], [ 33.375042594782471, -9.920688303846706 ], [ 33.375760498290923, -9.920300320658027 ], [ 33.379029044386556, -9.915961599940225 ], [ 33.381129240267207, -9.908385608242902 ], [ 33.381642021080282, -9.906548472000699 ], [ 33.37179188948889, -9.885251819104553 ], [ 33.370659304169813, -9.882799294258684 ], [ 33.370150916172378, -9.878219780551181 ], [ 33.368251392616408, -9.861168202669596 ], [ 33.367243577011067, -9.859464858325772 ], [ 33.365259331678772, -9.856098208942727 ], [ 33.359538271840449, -9.850345993652873 ], [ 33.358352120484035, -9.849150916527995 ], [ 33.353090415262187, -9.837860475491627 ], [ 33.349398283389583, -9.832634403733175 ], [ 33.345741800943436, -9.827461879228286 ], [ 33.338509169772898, -9.823332758714667 ], [ 33.33718926127392, -9.822579172245648 ], [ 33.329078201705052, -9.822298222263059 ], [ 33.308017802728259, -9.815029914015922 ], [ 33.302287871873787, -9.810347850063906 ], [ 33.300638008371081, -9.809001154494858 ], [ 33.298725039586529, -9.809184023028076 ], [ 33.289499153385634, -9.810080297798011 ], [ 33.285922999900173, -9.807618884364951 ], [ 33.284429220061483, -9.806588840675539 ], [ 33.283555217536801, -9.80538485814701 ], [ 33.28335010297117, -9.805099441965409 ], [ 33.279599960044493, -9.799891278238926 ], [ 33.273490984310286, -9.7727398031876 ], [ 33.272398549704874, -9.767888288155044 ], [ 33.263221665731365, -9.754261289502875 ], [ 33.236480448108225, -9.731778481468407 ], [ 33.23259657032618, -9.726177875720417 ], [ 33.225921319139665, -9.716541701863028 ], [ 33.225368363906391, -9.705670464873206 ], [ 33.225029473674937, -9.699021887461237 ], [ 33.224289277754053, -9.684578874143959 ], [ 33.226701623652211, -9.660281248869845 ], [ 33.227281318488579, -9.65448445164771 ], [ 33.227281318488579, -9.654479974570098 ], [ 33.219919401252341, -9.64295320738983 ], [ 33.219032044920617, -9.641561966979941 ], [ 33.219032044920617, -9.641557490369452 ], [ 33.218639633657425, -9.639154035421056 ], [ 33.216798014633305, -9.627752125127044 ], [ 33.213150426191191, -9.620140423331053 ], [ 33.195643999822252, -9.605532381501074 ], [ 33.195639540522301, -9.605527946015462 ], [ 33.18831769194761, -9.60514443339161 ], [ 33.180590123883206, -9.604738645495186 ], [ 33.178182215321193, -9.605670608220317 ], [ 33.174668367277043, -9.607030645963224 ], [ 33.157349287659791, -9.613759410312236 ], [ 33.153541197109078, -9.613581089059968 ], [ 33.151561340046946, -9.613491901848194 ], [ 33.141390146728227, -9.610428529813612 ], [ 33.133965739006719, -9.611039397933071 ], [ 33.133738342925227, -9.611061702670385 ], [ 33.133180919974784, -9.610419543606499 ], [ 33.125462226861146, -9.601581641330904 ], [ 33.12130189487705, -9.600859286113259 ], [ 33.112892043355735, -9.610218913394837 ], [ 33.10862020008183, -9.623520401952216 ], [ 33.108722769065196, -9.628688494492888 ], [ 33.108789631965372, -9.632251363458364 ], [ 33.11412272490147, -9.635970195471069 ], [ 33.11477818379263, -9.636429527890177 ], [ 33.116637682426024, -9.641187405412124 ], [ 33.11864870968104, -9.646342083096247 ], [ 33.11158993654616, -9.6478225345053 ], [ 33.111224303298023, -9.647898298838571 ], [ 33.111219840162263, -9.647898338957333 ], [ 33.111112810639263, -9.652228093248924 ], [ 33.111059338754359, -9.654497767734492 ], [ 33.110898837076952, -9.66099914328735 ], [ 33.103122089206195, -9.678411945270067 ], [ 33.102716338706642, -9.68011979050584 ], [ 33.101441050695634, -9.685519780505043 ], [ 33.099349755547401, -9.687339089401956 ], [ 33.094529470346878, -9.686598829278479 ], [ 33.09309809569843, -9.686380375817842 ], [ 33.088728128368061, -9.681983715632709 ], [ 33.08619091066263, -9.679428609801978 ], [ 33.08258800795312, -9.66515056001327 ], [ 33.070428036034876, -9.648509178106123 ], [ 33.069567407187968, -9.647015385637122 ], [ 33.062428355640598, -9.634659269442212 ], [ 33.062379322735744, -9.634636978781499 ], [ 33.057808765725703, -9.632550118490057 ], [ 33.05329167275827, -9.632661607151311 ], [ 33.050402201977299, -9.632728451950429 ], [ 33.043660033614401, -9.641579783761044 ], [ 33.039905444601992, -9.646507071840528 ], [ 33.038219895919873, -9.648718832972794 ], [ 33.027781121930531, -9.650480120493988 ], [ 33.005142343859944, -9.640652277721767 ], [ 33.005137875936164, -9.640647830279576 ], [ 33.004335193707171, -9.630775388390303 ], [ 33.002810234288205, -9.612131861697803 ], [ 33.004237070468179, -9.601135767983422 ], [ 33.004540289857339, -9.5988214588165 ], [ 33.005993994449831, -9.595031193275458 ], [ 33.008321647551305, -9.588957907185284 ], [ 33.007889131433444, -9.584360609682816 ], [ 33.011897866883274, -9.575201575018406 ], [ 33.011211140332023, -9.560000538147492 ], [ 33.011108556230006, -9.557721887830352 ], [ 33.017650100211306, -9.546489409464797 ], [ 33.024031086559141, -9.53552899343787 ], [ 33.028508021743164, -9.524760241636569 ], [ 33.026791268606424, -9.507280566432039 ], [ 33.022211769307894, -9.501037832234749 ], [ 33.016102750032353, -9.497885229851294 ], [ 33.012281307911401, -9.495909872127026 ], [ 32.99423091412428, -9.494621159728347 ], [ 32.99176947759554, -9.493323572819076 ], [ 32.988460827507623, -9.491580081732144 ], [ 32.986316015594646, -9.489100781988377 ], [ 32.982258209106476, -9.484409847631071 ], [ 32.97534210325194, -9.481368739280793 ], [ 32.969964497958074, -9.482603864935971 ], [ 32.969540840324861, -9.48270202263434 ], [ 32.969389220488303, -9.482777817905589 ], [ 32.966749416785412, -9.484102139171789 ], [ 32.953728848620116, -9.490621401259931 ], [ 32.952738947173252, -9.489965890580894 ], [ 32.947740289489545, -9.486661715261919 ], [ 32.943588836705253, -9.425728052426571 ], [ 32.945265498264426, -9.419191010487065 ], [ 32.947169526530182, -9.411739861545499 ], [ 32.948823861846378, -9.409688701273629 ], [ 32.953260677605059, -9.404199556599632 ], [ 32.953510409200149, -9.401448228473555 ], [ 32.953505938967695, -9.401448255575728 ], [ 32.931531470053329, -9.39966013798211 ], [ 32.931526998841719, -9.399660164644107 ], [ 32.930372128925548, -9.399196394520546 ], [ 32.925061327296952, -9.39707831768315 ], [ 32.91608962795766, -9.385346453319656 ], [ 32.911090947169285, -9.37880941069743 ], [ 32.911086475041387, -9.378813835412243 ], [ 32.903818146150968, -9.390697344648347 ], [ 32.902520525096733, -9.390461033676992 ], [ 32.895947873310547, -9.389261533589016 ], [ 32.893530983563004, -9.385110124355046 ], [ 32.892991480556184, -9.384178156105275 ], [ 32.892545562616334, -9.36937838790422 ], [ 32.892438555784778, -9.365788801371327 ], [ 32.882708801630486, -9.367090904470857 ], [ 32.879154888859404, -9.368656041624812 ], [ 32.873424885510893, -9.37118437937586 ], [ 32.867369498164109, -9.373850849307448 ], [ 32.865380667839588, -9.373222148901965 ], [ 32.863400832804146, -9.372602379816529 ], [ 32.861371999314251, -9.371969176255341 ], [ 32.848841871444812, -9.363675226988949 ], [ 32.848699191093992, -9.36358160828008 ], [ 32.839968284412024, -9.359737801710802 ], [ 32.827950995054458, -9.354449323064296 ], [ 32.823362574227517, -9.351550890088177 ], [ 32.809530463381272, -9.342802161810138 ], [ 32.804870697285473, -9.335944090276037 ], [ 32.799791767917661, -9.328461715868245 ], [ 32.793986055410407, -9.324542124214613 ], [ 32.790490069224816, -9.322178830499151 ], [ 32.783810404821921, -9.318450987566681 ], [ 32.783805927052612, -9.318451008317764 ], [ 32.776390384328529, -9.31931162074347 ], [ 32.77145419678326, -9.318473309605546 ], [ 32.768288238032561, -9.317938220147488 ], [ 32.768319414953829, -9.315151317011395 ], [ 32.768350677987598, -9.312110151007243 ], [ 32.766040804800362, -9.307280955067078 ], [ 32.760850460999087, -9.296418579616175 ], [ 32.756083634693844, -9.290238271333255 ], [ 32.751927821855467, -9.284851692462592 ], [ 32.747156529045782, -9.281984521882441 ], [ 32.745711831573182, -9.281119445557406 ], [ 32.742501223669272, -9.280851893381344 ], [ 32.735888448253625, -9.280298940025546 ], [ 32.727853125053478, -9.276901132370257 ], [ 32.727398294397688, -9.276709365574993 ], [ 32.721008394354747, -9.274011581369729 ], [ 32.708518406832418, -9.272517856777432 ], [ 32.68626751306396, -9.273623674654631 ], [ 32.661519536574232, -9.274849958749423 ], [ 32.654108473254404, -9.2736281581013 ], [ 32.649725194742054, -9.272910190659745 ], [ 32.646728692910948, -9.272419712652606 ], [ 32.620353090866089, -9.25857865347222 ], [ 32.619100062721543, -9.25791874603394 ], [ 32.595569407161285, -9.248510018635564 ], [ 32.584488546449386, -9.246338455800725 ], [ 32.580069605736533, -9.246391948625364 ], [ 32.573849153998339, -9.246458836013609 ], [ 32.55108987784692, -9.253597820717339 ], [ 32.545738998304124, -9.254155223985695 ], [ 32.54090979051518, -9.254659125329479 ], [ 32.540735865797579, -9.254177507810228 ], [ 32.540628835052871, -9.253883213147484 ], [ 32.538519702704825, -9.248041776653602 ], [ 32.535500897429976, -9.239658672613601 ], [ 32.4998102378906, -9.19207118776032 ], [ 32.498708850109118, -9.190599643892909 ], [ 32.497861580953213, -9.189315429224111 ], [ 32.486629087702575, -9.172330738407377 ], [ 32.493518398123733, -9.153098669658736 ], [ 32.482031787109904, -9.145018732447467 ], [ 32.481487780390431, -9.144639734855048 ], [ 32.476288439359713, -9.14097880828149 ], [ 32.467504047488788, -9.136840784753737 ], [ 32.460859985099269, -9.133710478142408 ], [ 32.447687828538449, -9.132198797116912 ], [ 32.441873131360197, -9.12721800103126 ], [ 32.431398708986443, -9.118250786270515 ], [ 32.411939151495083, -9.120810263806476 ], [ 32.408688526582758, -9.122388800904947 ], [ 32.404719850272336, -9.121764550591683 ], [ 32.402459141620085, -9.121407771031185 ], [ 32.399810393885986, -9.12202764220117 ], [ 32.387378470032061, -9.124930498993788 ], [ 32.381336364061156, -9.125443274497819 ], [ 32.372801653587459, -9.126170151403411 ], [ 32.366741766211106, -9.128020631427457 ], [ 32.365845445330649, -9.128292647188438 ], [ 32.364579066774695, -9.128680622489908 ], [ 32.361899104767382, -9.12950108026733 ], [ 32.326480494109859, -9.132118546237786 ], [ 32.31715205052285, -9.131052871573317 ], [ 32.30892055204518, -9.130111989385897 ], [ 32.273751627123751, -9.131578978758885 ], [ 32.270621366479212, -9.132506528483233 ], [ 32.267018419761243, -9.133572218679575 ], [ 32.262291758039645, -9.132377169213825 ], [ 32.257560645848542, -9.13118215298574 ], [ 32.246751760392584, -9.125318414233897 ], [ 32.242818821139267, -9.124818983383074 ], [ 32.240571448803863, -9.123008638801332 ], [ 32.226311222821082, -9.111548745678311 ], [ 32.209959702211094, -9.104093138927995 ], [ 32.207208474759213, -9.10284007316201 ], [ 32.183173924233202, -9.082997080041407 ], [ 32.179009129535565, -9.079559140905387 ], [ 32.176975737841197, -9.078462184073031 ], [ 32.176971320582403, -9.078462176158874 ], [ 32.170728601243248, -9.07510006348361 ], [ 32.161391216257087, -9.061669251454687 ], [ 32.155424896376651, -9.06254319129493 ], [ 32.146854571277231, -9.063800639429148 ], [ 32.146801029512375, -9.063809622177747 ], [ 32.136357797103429, -9.062529826196066 ], [ 32.122088666543448, -9.060781900414035 ], [ 32.109429325740159, -9.05559143318424 ], [ 32.091441270371504, -9.051480209473652 ], [ 32.060909798678814, -9.051368697456201 ], [ 32.03217094616339, -9.057018350338353 ], [ 32.027270393797288, -9.058628115885456 ], [ 32.015930880420029, -9.062351457863095 ], [ 32.01531102174561, -9.065941056909519 ], [ 32.014949826237853, -9.068001133104316 ], [ 32.014704604679572, -9.068161646801176 ], [ 32.009340299590278, -9.071688851122738 ], [ 32.002999514270741, -9.073824735497574 ], [ 31.996119077479825, -9.076138984333641 ], [ 31.996114652845861, -9.07613897330233 ], [ 31.992623126741758, -9.074663026486284 ], [ 31.984378244318567, -9.071180474686619 ], [ 31.973350924616938, -9.064621177704602 ], [ 31.971910614058046, -9.062565470547039 ], [ 31.969939723440092, -9.059751794237814 ], [ 31.965516284862616, -9.056197881206225 ], [ 31.961231090296952, -9.052759925873582 ], [ 31.954011801830276, -9.037050525610086 ], [ 31.953516832318581, -9.036582305358371 ], [ 31.94487060582993, -9.02843998835224 ], [ 31.936853206588879, -9.018255426098849 ], [ 31.9366614554243, -9.018010129495302 ], [ 31.937107369681062, -9.016801759514076 ], [ 31.939038139292638, -9.011597991172414 ], [ 31.938743790910639, -9.007397502518829 ], [ 31.938650217297198, -9.006082099735753 ], [ 31.936928986831315, -9.000579544777633 ], [ 31.931756452974962, -8.984045186401721 ], [ 31.93128820716618, -8.982560277489346 ], [ 31.93459687578634, -8.971122735618403 ], [ 31.938039295979507, -8.959208001284386 ], [ 31.947260739229787, -8.941630222226504 ], [ 31.947198245932785, -8.940016038971448 ], [ 31.947104679514851, -8.937465437194735 ], [ 31.94707785944966, -8.936801011679734 ], [ 31.894429265333436, -8.912980525374023 ], [ 31.8935017463135, -8.91265941367341 ], [ 31.889163118634212, -8.91115228088108 ], [ 31.868419310038391, -8.903941868398233 ], [ 31.829718841878684, -8.892910084896091 ], [ 31.829727704522529, -8.892575619172842 ], [ 31.829741085359878, -8.891759629274283 ], [ 31.829736654042446, -8.891759608235738 ], [ 31.823101470753908, -8.890542337989222 ], [ 31.821670147542992, -8.890279185842269 ], [ 31.821415979734656, -8.890265845833349 ], [ 31.804110175178131, -8.889378479485408 ], [ 31.779598478757716, -8.890689440395848 ], [ 31.771358126233075, -8.893587877135907 ], [ 31.766368345835755, -8.895349182803072 ], [ 31.756799108971581, -8.903041138981619 ], [ 31.753646511169535, -8.908244922504808 ], [ 31.749481718555984, -8.915120885910188 ], [ 31.739279283349834, -8.918607884145931 ], [ 31.737928193231397, -8.919990221164394 ], [ 31.735506938515989, -8.922478371604413 ], [ 31.735506938515989, -8.922482861950142 ], [ 31.734748888857315, -8.923258732773702 ], [ 31.728608732761295, -8.916061704371121 ], [ 31.725161819105242, -8.914630391697441 ], [ 31.71417010755248, -8.916480923545297 ], [ 31.70871216458427, -8.917399459214758 ], [ 31.699941099454147, -8.916360472176859 ], [ 31.692142138564069, -8.912119887166668 ], [ 31.688401010276181, -8.911856797632289 ], [ 31.679910868924789, -8.911259298195972 ], [ 31.676941091326597, -8.908236046206572 ], [ 31.673520960590398, -8.904748993955129 ], [ 31.668950415527945, -8.897150663573159 ], [ 31.658609710195961, -8.879960883280743 ], [ 31.65341485326768, -8.877860592187657 ], [ 31.650404955651258, -8.87664331909348 ], [ 31.629201908366543, -8.868068417589731 ], [ 31.615405478253042, -8.860465651120274 ], [ 31.610389025680178, -8.857701025259997 ], [ 31.606821753766067, -8.853977652012002 ], [ 31.600088511333329, -8.846950152115756 ], [ 31.598764139051802, -8.846254518813375 ], [ 31.598188884246525, -8.845951317426451 ], [ 31.595464416412199, -8.84450654740591 ], [ 31.584749192137455, -8.83883014090695 ], [ 31.58107043662859, -8.832110273867769 ], [ 31.576388354898913, -8.823571062573988 ], [ 31.57555451906892, -8.821716041305669 ], [ 31.574818735528982, -8.820088475802908 ], [ 31.569878090381572, -8.809230628930031 ], [ 31.578947909779821, -8.786841472536668 ], [ 31.580392597775191, -8.777628915951187 ], [ 31.582970001066883, -8.761170435868824 ], [ 31.582020222809305, -8.745527897122093 ], [ 31.580869715237924, -8.741947246472693 ], [ 31.570480050276668, -8.709551849599228 ], [ 31.566649643059012, -8.705552071637372 ], [ 31.562988767662478, -8.701730616544751 ], [ 31.556763860352341, -8.695215860136578 ], [ 31.55156896339513, -8.689780180241817 ], [ 31.542352017461507, -8.688281922382286 ], [ 31.540135909417515, -8.686605324657396 ], [ 31.536171721674155, -8.683608782905157 ], [ 31.531226617523235, -8.682217564953149 ], [ 31.526740696132098, -8.680951145514868 ], [ 31.504079540982865, -8.682721475828057 ], [ 31.496900423280252, -8.684687903040759 ], [ 31.489520585543428, -8.684130522266216 ], [ 31.479452001910744, -8.669696430297687 ], [ 31.475090964939227, -8.663449178086559 ], [ 31.474109959445741, -8.656412711943764 ], [ 31.47398061079442, -8.655480824784913 ], [ 31.465138274659161, -8.646700830131371 ], [ 31.463203021547017, -8.644774460243475 ], [ 31.458730484739203, -8.640342133788478 ], [ 31.454164407807141, -8.638852770966041 ], [ 31.452068648957209, -8.638170522498511 ], [ 31.43981057490139, -8.63960195033621 ], [ 31.413038136959372, -8.6382909282505 ], [ 31.41151756487632, -8.637332285130238 ], [ 31.404811059899696, -8.633118370588793 ], [ 31.398140276071022, -8.631410547505475 ], [ 31.395067932193388, -8.626683918105265 ], [ 31.392258661581643, -8.622371988670629 ], [ 31.386060546533837, -8.605061734255449 ], [ 31.37760160731942, -8.599189085302948 ], [ 31.375479077775708, -8.589370185798369 ], [ 31.375010879065591, -8.587211921784693 ], [ 31.371898404587576, -8.587769366231822 ], [ 31.364362535774109, -8.589120474154866 ], [ 31.364358086292743, -8.589120433757627 ], [ 31.362565542196663, -8.592402315514331 ], [ 31.361990327393364, -8.593450204865681 ], [ 31.363970195558672, -8.599911489748269 ], [ 31.363680279985306, -8.602430854138113 ], [ 31.363180887151188, -8.606791838153944 ], [ 31.361691594972267, -8.608040378800416 ], [ 31.361308057716609, -8.608361508467334 ], [ 31.358922438090545, -8.608187590594895 ], [ 31.357388506792592, -8.608080550310079 ], [ 31.353326252790371, -8.612263160755761 ], [ 31.349651971484509, -8.616048996353793 ], [ 31.348073504490564, -8.616178265288617 ], [ 31.346798150390502, -8.61628084000324 ], [ 31.338022645382001, -8.613346770931665 ], [ 31.335311482603146, -8.612441565955592 ], [ 31.333108681977194, -8.614073578729863 ], [ 31.328319659621801, -8.617631949561217 ], [ 31.328315208766011, -8.617623011297191 ], [ 31.324471439081556, -8.612058029948592 ], [ 31.319900869108821, -8.608780659046156 ], [ 31.310380726396634, -8.612548561091081 ], [ 31.310376187568828, -8.612553014902327 ], [ 31.293971210372238, -8.630010407351318 ], [ 31.289819802755233, -8.630353779412468 ], [ 31.281378690113559, -8.631049388020164 ], [ 31.275452516068935, -8.631544335226689 ], [ 31.275011070679184, -8.631580001092313 ], [ 31.267332484710916, -8.624895794304289 ], [ 31.265887815148972, -8.623638357165449 ], [ 31.265843195577283, -8.623504544722598 ], [ 31.264331533874547, -8.619259532185866 ], [ 31.258931585638024, -8.613944294433848 ], [ 31.258641759294317, -8.61366336769966 ], [ 31.258641759294317, -8.613658879276326 ], [ 31.257138999572653, -8.605369438321969 ], [ 31.252590696536124, -8.6009415117254 ], [ 31.247997853635418, -8.599041913905708 ], [ 31.236694010570446, -8.59842214039158 ], [ 31.23668955624716, -8.598422171859564 ], [ 31.227352217685933, -8.589561883962347 ], [ 31.211451086299274, -8.587501790654645 ], [ 31.209859143372324, -8.588059209239278 ], [ 31.206889404563384, -8.589111501018239 ], [ 31.193351575354317, -8.593891719704185 ], [ 31.189164472433898, -8.596477954836493 ], [ 31.187528017876822, -8.597490216024511 ], [ 31.186738747486039, -8.599291628414839 ], [ 31.183688739984383, -8.606247883788285 ], [ 31.183479117906224, -8.60673834620067 ], [ 31.183238301075235, -8.607300223483383 ], [ 31.180188291040331, -8.610470626091992 ], [ 31.179853881785178, -8.610729271040823 ], [ 31.177597577806331, -8.612477190507697 ], [ 31.160108961202656, -8.626028438741498 ], [ 31.149639047886538, -8.631388281746062 ], [ 31.148118472812094, -8.631553232060416 ], [ 31.146428485167888, -8.63173160103119 ], [ 31.136457900842622, -8.632801820587092 ], [ 31.106251914585961, -8.630237840865608 ], [ 31.100481897409072, -8.629751759563812 ], [ 31.077967867304007, -8.621841321969058 ], [ 31.069170055941228, -8.615451408433422 ], [ 31.059239657732231, -8.608241060611309 ], [ 31.052979098794765, -8.606466363030568 ], [ 31.049808632872892, -8.605570093470863 ], [ 31.028079458972055, -8.592148189271043 ], [ 31.010541796024732, -8.576501212397652 ], [ 30.978101887152832, -8.538340183185896 ], [ 30.97580537583951, -8.533872158750501 ], [ 30.975631540495293, -8.533528832557328 ], [ 30.975546810993453, -8.533363828496771 ], [ 30.974070862596374, -8.530478811068903 ], [ 30.952979262452782, -8.505579192446435 ], [ 30.949871312663088, -8.497731172762061 ], [ 30.931758441793562, -8.474481385114304 ], [ 30.911108345753604, -8.45142790018806 ], [ 30.89856039486876, -8.43389915694557 ], [ 30.88717187046063, -8.417989053841621 ], [ 30.883573370304497, -8.414207761383308 ], [ 30.878311596738826, -8.408669572027547 ], [ 30.843677794944316, -8.360801064158645 ], [ 30.823210493057076, -8.33250812780441 ], [ 30.814528616090939, -8.320499780070566 ], [ 30.80741193157905, -8.310649558261375 ], [ 30.797383403860817, -8.283101266015814 ], [ 30.788839800011907, -8.259619650115736 ], [ 30.783711794305699, -8.247227763401471 ], [ 30.783711794305699, -8.247223355188707 ], [ 30.775070105297381, -8.22634584451705 ], [ 30.771244144273258, -8.192247065795101 ], [ 30.761639268367155, -8.196402965446664 ], [ 30.695896493756457, -8.224838682879817 ], [ 30.630153746768951, -8.2532743515614 ], [ 30.579458255550076, -8.275199702644191 ], [ 30.573104040551794, -8.270000416078329 ], [ 30.573086126312464, -8.269991540696372 ], [ 30.545372842861241, -8.254982159768616 ], [ 30.53257073488496, -8.258130303921115 ], [ 30.447281535578149, -8.269773008812813 ], [ 30.439928459318395, -8.268265810164989 ], [ 30.428102917469264, -8.271966883212162 ], [ 30.365675575532304, -8.281451364226907 ], [ 30.351825579336548, -8.282124742190334 ], [ 30.29241253671599, -8.290267062421417 ], [ 30.292399159750378, -8.291185589377221 ], [ 30.292394671425861, -8.291185594371854 ], [ 30.28248205223279, -8.291011734422783 ], [ 30.263053765222242, -8.294338232858602 ], [ 30.262500872484758, -8.294338200150943 ], [ 30.254679581165551, -8.294373882734215 ], [ 30.25267297248087, -8.29438282547185 ], [ 30.214280154866056, -8.300585411830085 ], [ 30.14287206246145, -8.308246155576962 ], [ 30.123189578087988, -8.312482311335845 ], [ 30.061538083268047, -8.314549044145711 ], [ 29.999886555408072, -8.316615842029536 ], [ 29.999882057220049, -8.316620360070326 ], [ 29.973118545217172, -8.32177502303106 ], [ 29.964789001339525, -8.323380329475841 ], [ 29.926833103141547, -8.330693212289074 ], [ 29.912318771388087, -8.331437886787755 ], [ 29.860624371431779, -8.341185477324395 ], [ 29.86060653690895, -8.341189987361194 ], [ 29.819627418764476, -8.346068223536459 ], [ 29.815444804168578, -8.346563169835688 ], [ 29.738449468626513, -8.355731102690278 ], [ 29.738440543522806, -8.355731093284918 ], [ 29.719288696314312, -8.370035902053376 ], [ 29.714410418538066, -8.373678997185324 ], [ 29.714312313885213, -8.373794923560016 ], [ 29.708725096655169, -8.380541556612755 ], [ 29.701942801015655, -8.388732869962304 ], [ 29.701938381493104, -8.388737395063851 ], [ 29.697844874715873, -8.39123895409916 ], [ 29.697702208405715, -8.391328135858162 ], [ 29.685230103528966, -8.389914561362998 ], [ 29.672222904630718, -8.396166235028057 ], [ 29.669899672758589, -8.397285454053513 ], [ 29.669783766551078, -8.39733900137894 ], [ 29.669761487092355, -8.397343436882521 ], [ 29.651180427439101, -8.400224001810685 ], [ 29.651153635509143, -8.40022843653273 ], [ 29.642168591004605, -8.400861640776638 ], [ 29.637227864568647, -8.40120943871143 ], [ 29.637223443024887, -8.401196119714106 ], [ 29.634628236849029, -8.389205560626131 ], [ 29.634623726794263, -8.389205559188827 ], [ 29.63043222731223, -8.381607286586496 ], [ 29.630427717113733, -8.381598363548914 ], [ 29.630423295354376, -8.381598354511862 ], [ 29.61390229048008, -8.380550429982485 ], [ 29.611039547417484, -8.380059940396063 ], [ 29.60471657883414, -8.378976356630627 ], [ 29.599762519216455, -8.37688062346353 ], [ 29.597898598985402, -8.376091335905942 ], [ 29.597751409100837, -8.376109185107245 ], [ 29.521964571361277, -8.385584794854317 ], [ 29.487567026208016, -8.389883326024288 ], [ 29.421090804162205, -8.399407969305031 ], [ 29.354614524929644, -8.408932607321647 ], [ 29.288138194708711, -8.418457303369431 ], [ 29.221661907957252, -8.427981889840717 ], [ 29.111981408298178, -8.443695791993292 ], [ 29.002300908423507, -8.459409673556481 ], [ 28.999072547087689, -8.474561718126397 ], [ 28.994938991169306, -8.493958736318026 ], [ 28.971818485499909, -8.552810023889634 ], [ 28.959756606385735, -8.574066501889469 ], [ 28.959756606385735, -8.574128950073076 ], [ 28.960331912430917, -8.621734277956234 ], [ 28.960331912430917, -8.621747706646836 ], [ 28.956885019049842, -8.65851294793419 ], [ 28.948840755250046, -8.691260650317862 ], [ 28.944796388672444, -8.703683683257962 ], [ 28.940796518148183, -8.715964033134325 ], [ 28.92700896881551, -8.742963898535988 ], [ 28.906140374839332, -8.776081638751368 ], [ 28.864398812423911, -8.842339418035476 ], [ 28.864389834409433, -8.842348304466711 ], [ 28.847467592117667, -8.860273933534721 ], [ 28.797336106380246, -8.921682434187089 ], [ 28.747204657940873, -8.983090943858542 ], [ 28.747195762230042, -8.983099855334807 ], [ 28.747079851036883, -8.983215802927702 ], [ 28.695612844628815, -9.034299249694095 ], [ 28.647178130100588, -9.071577311859384 ], [ 28.616664495769399, -9.087206532875413 ], [ 28.613199791994241, -9.089587622036991 ], [ 28.582793128660811, -9.110469658456982 ], [ 28.540141901178849, -9.134544281902546 ], [ 28.482864728227703, -9.171010847452495 ], [ 28.417686056682445, -9.22205417318556 ], [ 28.3939635872552, -9.245147894668477 ], [ 28.38354710709762, -9.259425936111837 ], [ 28.38641877126642, -9.269766546312233 ], [ 28.386458979562093, -9.269793290272153 ], [ 28.39312531094496, -9.274537805318317 ], [ 28.412268220805707, -9.28814695675446 ], [ 28.412272677796992, -9.288151441216224 ], [ 28.412290505780085, -9.288160326659312 ], [ 28.454210496203558, -9.309407990569241 ], [ 28.472590939380396, -9.315151315780703 ], [ 28.472604305521305, -9.315155710536702 ], [ 28.498444829786205, -9.327788399502298 ], [ 28.503438989775965, -9.332104759212317 ], [ 28.511081928518649, -9.338704236732067 ], [ 28.522666643421765, -9.35728087856957 ], [ 28.527125779207086, -9.361120150524144 ], [ 28.532391907526776, -9.372767319629578 ], [ 28.533939227648101, -9.383085672559641 ], [ 28.531348475894344, -9.395767389094095 ], [ 28.522069089736188, -9.409697591369991 ], [ 28.514791908963737, -9.434169170395256 ], [ 28.515634649514663, -9.443809688289763 ], [ 28.521070311497017, -9.451086943370857 ], [ 28.530175787651974, -9.456241713590437 ], [ 28.535379555715156, -9.463518933026378 ], [ 28.536449683678832, -9.472927655573853 ], [ 28.539058258385118, -9.477025594566829 ], [ 28.558794291781822, -9.480641931994635 ], [ 28.564626791475931, -9.483540310928106 ], [ 28.569839439870787, -9.491049456820198 ], [ 28.57205564672946, -9.499981018965467 ], [ 28.573932889164823, -9.547309958232574 ], [ 28.577326297410835, -9.557142251860585 ], [ 28.58576739046924, -9.563683745149952 ], [ 28.593410320291653, -9.563567826563656 ], [ 28.616869619300214, -9.552643032744228 ], [ 28.622702087948547, -9.555314017644369 ], [ 28.623000859104998, -9.559906893135951 ], [ 28.620343236491998, -9.567531909033448 ], [ 28.609302490624028, -9.572758034538104 ], [ 28.596103554422207, -9.573186082830999 ], [ 28.585548870757851, -9.579781094250547 ], [ 28.601873640940052, -9.586661478337305 ], [ 28.615077094410115, -9.601867051664472 ], [ 28.616610989110704, -9.611266843179358 ], [ 28.611277862694394, -9.626062097175431 ], [ 28.612562148824171, -9.634088460848432 ], [ 28.626559273863968, -9.655260262895 ], [ 28.629283739479458, -9.666711300138489 ], [ 28.627125554131251, -9.692266379529599 ], [ 28.629417540145397, -9.70556342447161 ], [ 28.622697636643601, -9.720608445483341 ], [ 28.62399972650196, -9.730017098429347 ], [ 28.632846556333664, -9.744794551230086 ], [ 28.634233311437377, -9.74710443079536 ], [ 28.642888467215883, -9.752263592087846 ], [ 28.668216132442417, -9.756245555514388 ], [ 28.670597336381736, -9.760116047329699 ], [ 28.670780141610674, -9.771839004897153 ], [ 28.673656226209324, -9.77800599441631 ], [ 28.687265400696237, -9.788600807800698 ], [ 28.695563813430766, -9.800203380178599 ], [ 28.697048713593549, -9.806156304444402 ], [ 28.694150266837273, -9.813558366905594 ], [ 28.674476696545195, -9.815698776911983 ], [ 28.671310756200977, -9.821036273416556 ], [ 28.671159190353166, -9.841044251265972 ], [ 28.66445713171381, -9.856504000917504 ], [ 28.656609095302805, -9.874603451037533 ], [ 28.656595744199691, -9.888631819006806 ], [ 28.653942589663185, -9.896948023926564 ], [ 28.642834969216949, -9.913669646013901 ], [ 28.624949535077679, -9.957168222664707 ], [ 28.626764384881252, -9.969559997808215 ], [ 28.632650355076866, -9.989938116903394 ], [ 28.629533447224276, -9.998722578537485 ], [ 28.636396031049948, -10.022074903970122 ], [ 28.62852126049761, -10.038060709836811 ], [ 28.631740740145297, -10.048717962188093 ], [ 28.632186646164506, -10.050189479222825 ], [ 28.6244144060129, -10.072846226105396 ], [ 28.625667429629932, -10.093982348847543 ], [ 28.621792417186683, -10.128535901317013 ], [ 28.621765709222259, -10.157051833175657 ], [ 28.61838123994994, -10.163308002863797 ], [ 28.608740688889633, -10.170585198997442 ], [ 28.607309287633083, -10.183021647198331 ], [ 28.598894954147319, -10.1946465530776 ], [ 28.589958922892492, -10.202369736456122 ], [ 28.582209062442608, -10.211916648990725 ], [ 28.577156833493373, -10.230618096950689 ], [ 28.580059691408884, -10.238394789215725 ], [ 28.597994232114857, -10.25698476268985 ], [ 28.613748223671077, -10.284805140953628 ], [ 28.630416368007506, -10.296055448892297 ], [ 28.63637813832527, -10.306083966567364 ], [ 28.636971267763155, -10.314351133201365 ], [ 28.631303735038166, -10.338358937243184 ], [ 28.623928328160634, -10.357327903180348 ], [ 28.621654247923686, -10.375761847033099 ], [ 28.626421019638315, -10.398458644458197 ], [ 28.637680207252885, -10.420138796602279 ], [ 28.642826067720968, -10.437310804184939 ], [ 28.643017805895905, -10.449724982404334 ], [ 28.636159686679228, -10.472140829873794 ], [ 28.636516384052861, -10.480185080980394 ], [ 28.639450495012877, -10.489571485549389 ], [ 28.634001503927152, -10.51288365638764 ], [ 28.634086161779365, -10.518404018505908 ], [ 28.636569884144873, -10.528713468691331 ], [ 28.643419084501133, -10.535509154322025 ], [ 28.664332260364677, -10.549916482414986 ], [ 28.671243917725999, -10.560618333523992 ], [ 28.672974055194537, -10.567489812305912 ], [ 28.66502790737535, -10.59452535304144 ], [ 28.663873003520834, -10.609953855640232 ], [ 28.665875122344875, -10.619121716440953 ], [ 28.667801476287675, -10.623233059340015 ], [ 28.676764272864357, -10.631379786571134 ], [ 28.687095962785001, -10.63766272026959 ], [ 28.69328077600229, -10.646536305703378 ], [ 28.696790122867029, -10.66258461410175 ], [ 28.692562826275513, -10.674838221958554 ], [ 28.688692356343161, -10.680189167168196 ], [ 28.672978505116077, -10.686641442110181 ], [ 28.667752436600544, -10.694538508147184 ], [ 28.667542838525367, -10.710876660388443 ], [ 28.665072497751794, -10.716664576838731 ], [ 28.662084915508739, -10.719010081018991 ], [ 28.654410775635188, -10.719126012028987 ], [ 28.642027868318806, -10.715634540713134 ], [ 28.630394023528723, -10.715349144608881 ], [ 28.618345539544091, -10.718519592878856 ], [ 28.610082866516706, -10.725774539054452 ], [ 28.606306043868631, -10.737332485545505 ], [ 28.607559029199468, -10.758473076247364 ], [ 28.603514593227011, -10.767734691797822 ], [ 28.598284055736666, -10.775404339142739 ], [ 28.582253586541349, -10.792438056773744 ], [ 28.576661887418723, -10.807010394011726 ], [ 28.560814271422384, -10.82104768652775 ], [ 28.553541479917222, -10.83242730263067 ], [ 28.547093576473856, -10.852074135502566 ], [ 28.544520667956586, -10.86660635178807 ], [ 28.540400474424153, -10.932685749785501 ], [ 28.538001508267403, -10.942130080221331 ], [ 28.537765199335222, -10.943075467414983 ], [ 28.532989423698705, -10.950736149366751 ], [ 28.516147418496924, -10.960876190899066 ], [ 28.512718356889835, -10.965067724984202 ], [ 28.5082102777078, -10.975024890823727 ], [ 28.507483403766646, -10.988602860559565 ], [ 28.510288162697677, -11.004669010469659 ], [ 28.510252527779013, -11.017783251395455 ], [ 28.50765285058019, -11.030933087372683 ], [ 28.495185216097585, -11.053656704422796 ], [ 28.492612297878512, -11.068416330075873 ], [ 28.493031497936538, -11.080830443571653 ], [ 28.491479695096182, -11.086145721172938 ], [ 28.480924964530786, -11.096883203769043 ], [ 28.475930837167841, -11.105466956022946 ], [ 28.478650858916431, -11.116240138701503 ], [ 28.491814166550682, -11.139512185083847 ], [ 28.49617515259671, -11.150490526453281 ], [ 28.497713547210083, -11.159899246611236 ], [ 28.496652255138425, -11.182230400502485 ], [ 28.492639026926398, -11.194479536653603 ], [ 28.484893570197698, -11.206327383132251 ], [ 28.481607225763376, -11.220404754128406 ], [ 28.486266967155505, -11.235980374710609 ], [ 28.486860017352999, -11.244252017443056 ], [ 28.47413828580439, -11.266525215059497 ], [ 28.472911993786457, -11.27781567887714 ], [ 28.469759431764309, -11.28544970602678 ], [ 28.455664174187952, -11.293707909459522 ], [ 28.448204136829876, -11.325331839985196 ], [ 28.449029035985859, -11.333599053017181 ], [ 28.456676447709839, -11.346374337460773 ], [ 28.454045539663881, -11.357455212446904 ], [ 28.458446641640801, -11.371193753838908 ], [ 28.457108927868138, -11.375354081241591 ], [ 28.448542973386989, -11.3793895326778 ], [ 28.430390005307455, -11.381949047026723 ], [ 28.426706746813565, -11.38499466504549 ], [ 28.424495094790675, -11.393074531640194 ], [ 28.426051267297083, -11.40386559091867 ], [ 28.429217225553707, -11.413020094004679 ], [ 28.427469271070503, -11.42086811741706 ], [ 28.419478592531991, -11.432715923552369 ], [ 28.419211005851636, -11.446062005172156 ], [ 28.412366363816624, -11.456514175180377 ], [ 28.399207555448374, -11.465900567801777 ], [ 28.39397250222591, -11.474720700125445 ], [ 28.398601088220406, -11.503869797097384 ], [ 28.394810863453895, -11.515887085754267 ], [ 28.389357339541114, -11.526085090586216 ], [ 28.385134596940961, -11.556282129137557 ], [ 28.380969789038083, -11.574747249812759 ], [ 28.381357708778754, -11.585324183650757 ], [ 28.406627441347187, -11.621545514544984 ], [ 28.425498377155733, -11.635078887301761 ], [ 28.43102764179406, -11.645811888885634 ], [ 28.431433449704951, -11.657539320898634 ], [ 28.418354850399247, -11.6729098870664 ], [ 28.41772616833736, -11.677748031744947 ], [ 28.421828559156307, -11.686893619914143 ], [ 28.432445692378689, -11.694563250945654 ], [ 28.434626133299414, -11.699825004658557 ], [ 28.428749020483522, -11.712787648466188 ], [ 28.416950318103186, -11.72009158741889 ], [ 28.414466574788971, -11.725879545910333 ], [ 28.415469828264207, -11.730463498085856 ], [ 28.428891719330657, -11.738097506173245 ], [ 28.435036388832156, -11.743296788076851 ], [ 28.443392707976013, -11.755599442438999 ], [ 28.447098234376291, -11.769351346190005 ], [ 28.44588092217845, -11.781792198201911 ], [ 28.436686224460143, -11.807231355673975 ], [ 28.435727573111315, -11.821277518173082 ], [ 28.438666076931884, -11.830668451427899 ], [ 28.441720568625808, -11.831774265541158 ], [ 28.474107009322839, -11.826245028939249 ], [ 28.481825705580583, -11.82705651202596 ], [ 28.488929082988843, -11.833392897208586 ], [ 28.501691015332195, -11.858742926991246 ], [ 28.503871525953205, -11.879419753300796 ], [ 28.521984373762976, -11.88766462311164 ], [ 28.53684213938168, -11.896649702650473 ], [ 28.545760322001144, -11.899508031589392 ], [ 28.564011400878005, -11.901309513958479 ], [ 28.576541490083947, -11.91078951181402 ], [ 28.584269090936861, -11.912055945930771 ], [ 28.598961822500261, -11.910223216949115 ], [ 28.61088994841548, -11.910967876257285 ], [ 28.614657939519383, -11.912751549319253 ], [ 28.618225173048479, -11.917067982475531 ], [ 28.629105427434922, -11.94037123366285 ], [ 28.64003907334299, -11.952170024994361 ], [ 28.655775271851596, -11.957454075081262 ], [ 28.665433670415389, -11.962367951133892 ], [ 28.699898078127465, -11.983932151148586 ], [ 28.714479311812898, -11.98968885661349 ], [ 28.721038707825191, -11.990741206594299 ], [ 28.731307937902098, -11.989893965411934 ], [ 28.741046659470751, -11.985140601663778 ], [ 28.748743075155861, -11.984101635323061 ], [ 28.759360186117991, -11.990380033023404 ], [ 28.764109084960708, -11.994906006295556 ], [ 28.764296408670614, -12.006472954561527 ], [ 28.764465853723458, -12.017219402146539 ], [ 28.771248132636337, -12.03206820893878 ], [ 28.77404396393041, -12.046056363330285 ], [ 28.778405003120767, -12.055420517842416 ], [ 28.785998846867052, -12.062434627864263 ], [ 28.804655776387659, -12.074108574248129 ], [ 28.832449309325622, -12.101050455931452 ], [ 28.846914628242597, -12.127738153376251 ], [ 28.855502862200435, -12.138181443412124 ], [ 28.868304909765012, -12.148562212761366 ], [ 28.882453708118078, -12.155933115180636 ], [ 28.911370937491483, -12.178937561758241 ], [ 28.934852584078012, -12.198802918500725 ], [ 28.947003647547319, -12.211952764952308 ], [ 28.961839015785454, -12.231724404368871 ], [ 28.984464498574244, -12.269319130262575 ], [ 28.998809479283558, -12.28748993358359 ], [ 29.00394188472243, -12.317655740003206 ], [ 29.004784613433561, -12.322592007094297 ], [ 29.01238743577823, -12.332972740762456 ], [ 29.024431431743768, -12.349417909276564 ], [ 29.030313043852612, -12.36519425948698 ], [ 29.036109810828471, -12.375450146015604 ], [ 29.04679830934316, -12.38470727175034 ], [ 29.058811101860183, -12.389108409938348 ], [ 29.087554508870028, -12.386330380630127 ], [ 29.103344152844095, -12.378937163071052 ], [ 29.107326120052541, -12.379334043569564 ], [ 29.114215459255721, -12.385197761166083 ], [ 29.120221842767137, -12.394066885063113 ], [ 29.129371932331342, -12.395297608353561 ], [ 29.155649425618048, -12.385420682784058 ], [ 29.174881553556684, -12.374281905071694 ], [ 29.190965523832158, -12.3705585542187 ], [ 29.2329345380336, -12.374674307252917 ], [ 29.243212760156666, -12.373577378708511 ], [ 29.257120705629355, -12.365979018179079 ], [ 29.266921791613711, -12.364199902800554 ], [ 29.27544316706414, -12.369573103474915 ], [ 29.295928316679447, -12.389460686810265 ], [ 29.296748762859618, -12.395890715585093 ], [ 29.295009741295466, -12.403283900292777 ], [ 29.295580494346414, -12.409022734799183 ], [ 29.301734010205305, -12.412826388624607 ], [ 29.313510538481331, -12.416763761755552 ], [ 29.332974507581078, -12.418493896035072 ], [ 29.354864211797615, -12.412358187659722 ], [ 29.36611004727601, -12.412853121759827 ], [ 29.378127351455781, -12.417008976217149 ], [ 29.413184827394538, -12.439393671343247 ], [ 29.445062951474267, -12.454010581081199 ], [ 29.474889816278797, -12.471418945745738 ], [ 29.48286272226925, -12.471967407147822 ], [ 29.499446125461674, -12.469827055334299 ], [ 29.51605178356186, -12.456409625508162 ], [ 29.526816100820778, -12.443794813968934 ], [ 29.535671872357053, -12.429369591381615 ], [ 29.537415369049477, -12.422435705055873 ], [ 29.536666186643, -12.407493303638596 ], [ 29.534218175319396, -12.402017534403072 ], [ 29.527578609464996, -12.397536067838278 ], [ 29.499941107271304, -12.396657668195024 ], [ 29.495678206627236, -12.393973276613005 ], [ 29.481092449340441, -12.377675254711619 ], [ 29.463073242760302, -12.34573469550979 ], [ 29.456161585955936, -12.333490009396993 ], [ 29.455711256991592, -12.321767023299047 ], [ 29.467675046427832, -12.273238634456233 ], [ 29.480325445319927, -12.249083722797559 ], [ 29.48768299194688, -12.242047270425939 ], [ 29.489257018460577, -12.238569128806345 ], [ 29.503414695204956, -12.229369986026384 ], [ 29.513291608755001, -12.222948892362496 ], [ 29.539363968332982, -12.216264746031088 ], [ 29.559260464923259, -12.204626443162761 ], [ 29.575174980785444, -12.192832120096387 ], [ 29.58802167916512, -12.191677237855338 ], [ 29.596235362164244, -12.193135373891025 ], [ 29.633455439578132, -12.206708884874882 ], [ 29.667148399744157, -12.207230553547513 ], [ 29.709964706475663, -12.195614608704561 ], [ 29.723190418671329, -12.190303843511629 ], [ 29.738801700555715, -12.175285563710972 ], [ 29.762131775787761, -12.16034762875322 ], [ 29.774519116020574, -12.159879405680794 ], [ 29.784132968512836, -12.161306272726881 ], [ 29.794161494910544, -12.159732262517606 ], [ 29.801799890163171, -12.155674427328268 ], [ 29.806959075898817, -12.156499391953471 ], [ 29.809621134015398, -12.161047644450782 ], [ 29.809643479545208, -12.162082209522715 ], [ 29.810169614093457, -12.188645030282389 ], [ 29.809821802019183, -12.338542216301573 ], [ 29.809161857561332, -12.61956812033751 ], [ 29.810075992851342, -12.65359994171042 ], [ 29.809349189544719, -12.735910559093821 ], [ 29.808635719186256, -12.816499819824989 ], [ 29.809928848385592, -12.834184656783647 ], [ 29.808943435748343, -12.867101765287178 ], [ 29.809451731839143, -12.974980760613356 ], [ 29.809523096287034, -12.990119382143071 ], [ 29.809572115160201, -12.999786718863094 ], [ 29.809960026070428, -13.082382649364382 ], [ 29.808666897158552, -13.123352886099202 ], [ 29.809264488312863, -13.172728540846016 ], [ 29.810116179335918, -13.2429236909524 ], [ 29.811333426882008, -13.244970415011021 ], [ 29.8097906243074, -13.261790116715163 ], [ 29.808961188605331, -13.455141195035948 ], [ 29.784908842983555, -13.439355985667149 ], [ 29.77687356681021, -13.436979268327583 ], [ 29.764655627693639, -13.437211143525861 ], [ 29.739064857697301, -13.450115818751764 ], [ 29.722231701628704, -13.454570454166157 ], [ 29.712381582712545, -13.455676352209013 ], [ 29.701487943365489, -13.45127961147195 ], [ 29.679700785018671, -13.430758836702667 ], [ 29.673796930398815, -13.429260610571632 ], [ 29.667696908083215, -13.429835855468493 ], [ 29.654471198528597, -13.438357184134661 ], [ 29.646462670222842, -13.437358354961013 ], [ 29.623752473724597, -13.417310207847724 ], [ 29.610660550471852, -13.408815650279578 ], [ 29.608176835149138, -13.40173010001898 ], [ 29.608025233449563, -13.393913333262331 ], [ 29.614147549525065, -13.382301792841252 ], [ 29.612163265187917, -13.376817096121485 ], [ 29.604979632382005, -13.36982081421748 ], [ 29.60461848644329, -13.363386331667339 ], [ 29.609024085817712, -13.360318408983122 ], [ 29.646043534349442, -13.35526180648711 ], [ 29.652290740773442, -13.350316664373388 ], [ 29.658185680323772, -13.339396302976322 ], [ 29.6627428385661, -13.320226665864318 ], [ 29.66325564450505, -13.310327472738773 ], [ 29.65408329879341, -13.297619044440021 ], [ 29.653673027567098, -13.28865622288119 ], [ 29.660339433806577, -13.281169418772935 ], [ 29.675442371486398, -13.272839817888197 ], [ 29.680757655079447, -13.26837179512367 ], [ 29.682327253833041, -13.264661820930858 ], [ 29.68127932428208, -13.258931865013395 ], [ 29.676245016552084, -13.253736988654556 ], [ 29.673788001180821, -13.248033801463563 ], [ 29.677787878676014, -13.236457959876279 ], [ 29.675081139929251, -13.230068140079844 ], [ 29.670314405782168, -13.226478557274959 ], [ 29.665168571041839, -13.227490714051793 ], [ 29.655206940701117, -13.234348805672223 ], [ 29.643096019150967, -13.239632846928686 ], [ 29.635087466321206, -13.238402178597168 ], [ 29.61995333471501, -13.23293087080857 ], [ 29.608337370037258, -13.226933379899814 ], [ 29.589060656204772, -13.213716605536982 ], [ 29.580606197517497, -13.213413352712527 ], [ 29.576410186714078, -13.215103347803767 ], [ 29.56719321571746, -13.224240056000616 ], [ 29.560446614285418, -13.22757989477773 ], [ 29.537393068848655, -13.225243320983273 ], [ 29.528046767948553, -13.227713679848915 ], [ 29.51605178356186, -13.238968470982721 ], [ 29.503276436622471, -13.246330452340702 ], [ 29.497827420401887, -13.256318825994557 ], [ 29.495187636129554, -13.265794410993044 ], [ 29.490826690256188, -13.271163144947369 ], [ 29.475857459781587, -13.274422787256315 ], [ 29.471563304224517, -13.283470267538723 ], [ 29.451515232408013, -13.304066874751541 ], [ 29.446944615983394, -13.310586084917063 ], [ 29.441839005798244, -13.313899199793637 ], [ 29.409291995223715, -13.319535474551353 ], [ 29.400235568269046, -13.322643522185551 ], [ 29.399401704276869, -13.322928872700304 ], [ 29.385253015572168, -13.327780394640904 ], [ 29.373467612453172, -13.325457206804192 ], [ 29.365262876314951, -13.326522948572812 ], [ 29.35834232877642, -13.333314089276142 ], [ 29.35477950615503, -13.343953558721788 ], [ 29.348750748700088, -13.348198589898562 ], [ 29.342878143217064, -13.348301179129958 ], [ 29.335529590783249, -13.344747228207432 ], [ 29.329077240203116, -13.338651664949241 ], [ 29.316034318953179, -13.331980859318454 ], [ 29.311490579016933, -13.34033717048527 ], [ 29.309524036721058, -13.361299429128129 ], [ 29.306594471209429, -13.368251191460901 ], [ 29.299205730880683, -13.375278706430878 ], [ 29.291054474766106, -13.379327602996861 ], [ 29.281213228968152, -13.380647487528789 ], [ 29.248073187518887, -13.392945694206201 ], [ 29.233518653722026, -13.406764427529881 ], [ 29.211374841057829, -13.416797434993722 ], [ 29.190639986796896, -13.439917888381167 ], [ 29.182702785066059, -13.443043652688212 ], [ 29.179621516650659, -13.441483018025208 ], [ 29.176366400862598, -13.430040963503368 ], [ 29.170003223947646, -13.415660325848702 ], [ 29.16035379661605, -13.40133327571009 ], [ 29.142847317524989, -13.381160313356443 ], [ 29.133090822797421, -13.374195169611401 ], [ 29.121506047850914, -13.369789606519932 ], [ 29.10998375387652, -13.369290190015203 ], [ 29.087340412768526, -13.377485951435764 ], [ 29.080125588560506, -13.382587174491613 ], [ 29.072023416375089, -13.388317125989367 ], [ 29.039387293867605, -13.403339816985191 ], [ 29.029202644450681, -13.412249147489064 ], [ 29.020132853259533, -13.417684813945028 ], [ 29.012155561873524, -13.418273414292848 ], [ 29.003656533551908, -13.415883307015999 ], [ 28.998867386213909, -13.410670650150028 ], [ 28.991032789452955, -13.39194241838088 ], [ 28.999134983440484, -13.384910360441864 ], [ 29.000905216636806, -13.378444657878271 ], [ 28.999143864850133, -13.371573216861526 ], [ 28.992740588057181, -13.368224443045337 ], [ 28.982070000520935, -13.375987758362733 ], [ 28.975961010934711, -13.376085827451282 ], [ 28.96922774062725, -13.366766332360108 ], [ 28.967827663238381, -13.353451383922618 ], [ 28.968353815249881, -13.342865533191516 ], [ 28.964447651289721, -13.334188075460471 ], [ 28.950044751729415, -13.315789856025535 ], [ 28.945625758060878, -13.304361155741928 ], [ 28.945135244579269, -13.289191350185272 ], [ 28.94155909582793, -13.272001462651977 ], [ 28.92952391618012, -13.24045782039331 ], [ 28.922260099868726, -13.2132037827636 ], [ 28.9106619749959, -13.179118387807506 ], [ 28.90356755148235, -13.161982089865374 ], [ 28.896927923069278, -13.157951024624218 ], [ 28.885517048999084, -13.163422386805806 ], [ 28.875408311957791, -13.162659897924522 ], [ 28.873633536025991, -13.154637959065152 ], [ 28.869575750432642, -13.15056231364343 ], [ 28.863475763483716, -13.150887869255854 ], [ 28.856996667515343, -13.156510772401921 ], [ 28.853197499058982, -13.153813032762079 ], [ 28.846950277579218, -13.145171295316599 ], [ 28.849661470460621, -13.124195641436398 ], [ 28.846540087452812, -13.105614555785897 ], [ 28.842419902095049, -13.097860199034454 ], [ 28.834094744699918, -13.091091266930736 ], [ 28.830692452232526, -13.08378285579624 ], [ 28.833947601312151, -13.081892171914198 ], [ 28.845897951951738, -13.081018179522509 ], [ 28.848332594412536, -13.072006360254822 ], [ 28.8463661963861, -13.066517222084627 ], [ 28.834705632761974, -13.056582286880388 ], [ 28.833639888936212, -13.048778851643577 ], [ 28.83532540922258, -13.03725214241363 ], [ 28.833746934862447, -13.0266974558567 ], [ 28.827156362297195, -13.010930007151247 ], [ 28.818693021382803, -12.995653132042664 ], [ 28.795813366869023, -12.973464632756524 ], [ 28.790975239087789, -12.964341315404255 ], [ 28.793151227652537, -12.953956135677311 ], [ 28.790208282255776, -12.945952026507834 ], [ 28.781686932263604, -12.941024713787561 ], [ 28.774155497309799, -12.93953089909424 ], [ 28.764604078053178, -12.94358868551404 ], [ 28.75584198334677, -12.938434006733972 ], [ 28.751641511024555, -12.925159219008396 ], [ 28.740190500667644, -12.913141993790537 ], [ 28.73509375202141, -12.902181459168027 ], [ 28.733194183810191, -12.886106415262883 ], [ 28.726242400672437, -12.876555062804989 ], [ 28.709088293000978, -12.859565886825806 ], [ 28.697931620686454, -12.850991018478872 ], [ 28.688273214460033, -12.848150533953236 ], [ 28.677856698342893, -12.841635778102019 ], [ 28.667070151589549, -12.826849472233473 ], [ 28.658771782558059, -12.820762789477637 ], [ 28.652645013174372, -12.818787362843604 ], [ 28.648698636094586, -12.818497519081562 ], [ 28.634340402126661, -12.817449615932089 ], [ 28.626412117235034, -12.82033023601681 ], [ 28.604718541296165, -12.842505347234164 ], [ 28.599933948084281, -12.851316517946591 ], [ 28.59213051316188, -12.877424527570865 ], [ 28.588487464374019, -12.884608144117271 ], [ 28.579934844116636, -12.892919960937546 ], [ 28.572528343394033, -12.893098324787923 ], [ 28.569402446567519, -12.886775267801371 ], [ 28.567391389569281, -12.877509274131713 ], [ 28.554674100827555, -12.867338070473382 ], [ 28.544030165676968, -12.856292898866522 ], [ 28.538518750177058, -12.821400439510835 ], [ 28.528592801135019, -12.800843928385127 ], [ 28.50434869533856, -12.777183923409979 ], [ 28.479819101935451, -12.753247495628896 ], [ 28.471471744016561, -12.74212207285545 ], [ 28.465469751748731, -12.73413138204595 ], [ 28.456770019652414, -12.716544680462526 ], [ 28.454656439475905, -12.709071210353459 ], [ 28.454049995541251, -12.706921941134789 ], [ 28.456034275440718, -12.698610143987619 ], [ 28.463882313010551, -12.690677402490985 ], [ 28.477375592536859, -12.684042246053091 ], [ 28.500081294458312, -12.682566291718148 ], [ 28.508932604951905, -12.679217492758115 ], [ 28.513534382388627, -12.673625794434988 ], [ 28.52324628981199, -12.634149358846896 ], [ 28.522443674552402, -12.627723790387115 ], [ 28.516209866455952, -12.618150162387153 ], [ 28.489829780461367, -12.593232708532184 ], [ 28.473241958303348, -12.58059109497492 ], [ 28.451049023504645, -12.568716548886179 ], [ 28.445345833151581, -12.563276434925141 ], [ 28.442911174206696, -12.556873170663687 ], [ 28.449537377163104, -12.530091786094326 ], [ 28.44898001983459, -12.524121084070236 ], [ 28.441604618041524, -12.516174906786308 ], [ 28.417364984831099, -12.508237776408656 ], [ 28.403671079575723, -12.500840076714455 ], [ 28.373442845319342, -12.470995338795472 ], [ 28.340516825043103, -12.438488466061747 ], [ 28.326711422143319, -12.424856983271209 ], [ 28.314921613479555, -12.419042316051772 ], [ 28.305775942611454, -12.418016782417128 ], [ 28.280532953787347, -12.42066542558733 ], [ 28.265207055251139, -12.412826372571713 ], [ 28.259124811107053, -12.412906628948528 ], [ 28.242398774123487, -12.422105755738478 ], [ 28.23514828621478, -12.422667580299068 ], [ 28.228562216679467, -12.420224015016281 ], [ 28.22045550589981, -12.409754066647899 ], [ 28.213387846468443, -12.406396317916421 ], [ 28.188969814005038, -12.401205914709555 ], [ 28.181224356081579, -12.382905799684927 ], [ 28.174201240089683, -12.382767552241551 ], [ 28.165367825222326, -12.387030440012762 ], [ 28.15311866822131, -12.398463623626254 ], [ 28.147147905462123, -12.406592539052939 ], [ 28.144441224279404, -12.413990153389221 ], [ 28.146595002043671, -12.417642221819492 ], [ 28.14580122144541, -12.428005107247547 ], [ 28.139032378346773, -12.429476659810648 ], [ 28.129284746442714, -12.435585572123792 ], [ 28.12437081339198, -12.435420612916118 ], [ 28.117503808022544, -12.429989459721906 ], [ 28.111871956784885, -12.41188997072279 ], [ 28.094485921696077, -12.372783668304606 ], [ 28.086575504142736, -12.35885339081277 ], [ 28.07573093255516, -12.352780081914373 ], [ 28.064922045661898, -12.35060407636248 ], [ 28.060712673963728, -12.349756824238634 ], [ 28.04644806453474, -12.350862649410155 ], [ 28.012500864776005, -12.34968551648342 ], [ 27.99763870146381, -12.340673617750763 ], [ 27.989420576529167, -12.338707168358656 ], [ 27.961992692919186, -12.352860354631543 ], [ 27.95521930123704, -12.35386368723039 ], [ 27.950024439403958, -12.350247364382241 ], [ 27.948490521823281, -12.340147498402008 ], [ 27.952512625668792, -12.325833784211929 ], [ 27.953297444242587, -12.314092961129768 ], [ 27.933164569352222, -12.276863873784263 ], [ 27.92505790420698, -12.247505174362351 ], [ 27.92147723244717, -12.242029432920702 ], [ 27.917713767459912, -12.240464227054609 ], [ 27.909312822312426, -12.241949162916443 ], [ 27.879838215784687, -12.242082901652525 ], [ 27.865595843916996, -12.244098425236052 ], [ 27.851759248932382, -12.241507655030899 ], [ 27.826828352777333, -12.230770186682076 ], [ 27.818396191865432, -12.229949705260994 ], [ 27.813535779280496, -12.233918324752979 ], [ 27.819867706878952, -12.253627544103205 ], [ 27.817366160105646, -12.259638386797793 ], [ 27.808996445374106, -12.263879039522989 ], [ 27.784043266014361, -12.269930002316656 ], [ 27.775437279486997, -12.273943152501017 ], [ 27.764829025635091, -12.286491095857981 ], [ 27.75807799320901, -12.289335991228443 ], [ 27.725713818046817, -12.282816774118945 ], [ 27.711658713205331, -12.281372085216274 ], [ 27.695333933779466, -12.285933683624437 ], [ 27.672605907384714, -12.282977364271421 ], [ 27.656276646793899, -12.287075247946142 ], [ 27.647358485069251, -12.284645072376058 ], [ 27.631336908117266, -12.275396864450711 ], [ 27.627528838263739, -12.269693655197095 ], [ 27.620033076945987, -12.235750971592687 ], [ 27.619373175697099, -12.232745543022936 ], [ 27.613183960052201, -12.224077095726569 ], [ 27.601657146249369, -12.21845413832226 ], [ 27.575660572366598, -12.215297073629495 ], [ 27.564602057409086, -12.209901594250997 ], [ 27.546886033764469, -12.194914506616017 ], [ 27.526298340803713, -12.173983531075292 ], [ 27.514883012922272, -12.157315419239911 ], [ 27.508337061824157, -12.137142475140029 ], [ 27.507458619223467, -12.101037086951864 ], [ 27.497251727654852, -12.066871451671849 ], [ 27.491339002378179, -12.060954234755872 ], [ 27.482652634338681, -12.057828424544915 ], [ 27.473939621567169, -12.052174229493225 ], [ 27.467433772979117, -12.034529585190571 ], [ 27.464419447063602, -12.016158118510061 ], [ 27.465636724927833, -11.999811034921802 ], [ 27.472196040064802, -11.959714771193028 ], [ 27.468450396215474, -11.938128292833524 ], [ 27.463193110758727, -11.927836732516134 ], [ 27.449954100253937, -11.913946621099155 ], [ 27.434663845745309, -11.904676154888378 ], [ 27.406758771765329, -11.895316442177016 ], [ 27.39697105282918, -11.876325191265476 ], [ 27.383611551924151, -11.872325321325118 ], [ 27.368990148867049, -11.859826486789629 ], [ 27.351158193439886, -11.852651752829669 ], [ 27.331355350637686, -11.835604676172409 ], [ 27.318450746944631, -11.829986207290249 ], [ 27.302429218681336, -11.817036974144033 ], [ 27.29067499929284, -11.809799853058957 ], [ 27.270992533128229, -11.80332964281215 ], [ 27.246440697798015, -11.800814765273589 ], [ 27.239150084364404, -11.796056862922207 ], [ 27.232046715481157, -11.786697256966635 ], [ 27.230896275831395, -11.784160026064955 ], [ 27.227984485014797, -11.777765634840852 ], [ 27.226254347330663, -11.655862726937684 ], [ 27.222709331186699, -11.628983301037715 ], [ 27.209296439173272, -11.572985899670007 ], [ 27.205751395630692, -11.568419762362174 ], [ 27.20014635175604, -11.568245869804258 ], [ 27.193230236406308, -11.576365865427295 ], [ 27.184900615471172, -11.583348858158043 ], [ 27.176767276856811, -11.586648540930417 ], [ 27.166132326422133, -11.596413996029549 ], [ 27.157066910152182, -11.599954545085167 ], [ 27.148197832617203, -11.59981180478078 ], [ 27.135797013684574, -11.596480873940568 ], [ 27.119445505812692, -11.595259092534357 ], [ 27.099700591940586, -11.603958816105663 ], [ 27.089212845233515, -11.605671078914645 ], [ 27.044380963238403, -11.602870790350813 ], [ 27.038329977744308, -11.604765919815533 ], [ 27.028359474465049, -11.611302959311621 ], [ 27.024680651537619, -11.61708636778225 ], [ 27.024778810592444, -11.651822831293218 ], [ 27.029532240627287, -11.660522518401907 ], [ 27.039195030740093, -11.670091767617915 ], [ 27.044898292239726, -11.68039224764912 ], [ 27.048572539499439, -11.698527439910725 ], [ 27.047734284856563, -11.707971814292138 ], [ 27.043600701889908, -11.715369465692909 ], [ 27.032002580718139, -11.722838400827943 ], [ 27.023784375456142, -11.742699247955835 ], [ 27.013109325502789, -11.753138015549176 ], [ 27.008182003062746, -11.767367009786506 ], [ 27.005689378105313, -11.780392023408718 ], [ 27.006469690639811, -11.792275542229843 ], [ 27.005493221737328, -11.798781414138158 ], [ 26.999674012707679, -11.810250235994081 ], [ 26.998702003212948, -11.816756037770922 ], [ 27.008364864454357, -11.833883428620569 ], [ 27.009568817724759, -11.839265531482615 ], [ 27.007517647257011, -11.846877276748083 ], [ 27.001497843220676, -11.854083150690586 ], [ 26.995897234023158, -11.854297165126246 ], [ 26.986158529441646, -11.862207638303268 ], [ 26.980218959467976, -11.876525789631861 ], [ 26.971144723682293, -11.880057438916262 ], [ 26.968161543732105, -11.885836440099395 ], [ 26.963180800009248, -11.90290140796318 ], [ 26.953526834586466, -11.919324237577042 ], [ 26.937072768322352, -11.934195338650207 ], [ 26.923120221729373, -11.94145030510078 ], [ 26.908293722333458, -11.954925745585733 ], [ 26.896789198454719, -11.97480889831332 ], [ 26.883559074821338, -11.984587690232352 ], [ 26.878654096285157, -11.984859649435402 ], [ 26.856180176649232, -11.98068597852037 ], [ 26.827784670395342, -11.993349817565573 ], [ 26.816030450845147, -11.985863002030747 ], [ 26.798104809218692, -11.966920725346103 ], [ 26.790368332588564, -11.963995526733717 ], [ 26.774707904351089, -11.963438147207832 ], [ 26.764456481757726, -11.966974206771122 ], [ 26.762374111668283, -11.969520395142808 ], [ 26.754699950917885, -11.973725304648452 ], [ 26.742437429042582, -11.988319929160498 ], [ 26.73036218077814, -11.997162316544644 ], [ 26.718251290588178, -12.008809490069789 ], [ 26.707692090625766, -12.008996759269921 ], [ 26.691527874986821, -11.992185994185887 ], [ 26.662958415853147, -11.985515198993525 ], [ 26.635851532399972, -11.98572919652289 ], [ 26.624819700074394, -11.979834283490826 ], [ 26.610314304114592, -11.9776492753735 ], [ 26.601619043912606, -11.971504685884941 ], [ 26.597877863432601, -11.971303984445861 ], [ 26.583697856492652, -11.980382780439248 ], [ 26.570160064312141, -11.982326944569516 ], [ 26.559150518200614, -11.979192138799986 ], [ 26.543860255858679, -11.966425792530588 ], [ 26.532823977339568, -11.959839622285148 ], [ 26.521587072785962, -11.957391601133974 ], [ 26.509382477289538, -11.95012327651953 ], [ 26.486556366930131, -11.929125347528455 ], [ 26.468265110300319, -11.920060043233503 ], [ 26.444395618398541, -11.915172837703519 ], [ 26.428271432047982, -11.914597605913077 ], [ 26.408687112766028, -11.920028821405454 ], [ 26.392406931630763, -11.930030591401579 ], [ 26.364934365908383, -11.943795808247977 ], [ 26.350535994342199, -11.955857715542303 ], [ 26.33004189963567, -11.966118049288538 ], [ 26.322095840884444, -11.965944142815719 ], [ 26.312263532245584, -11.963246428571249 ], [ 26.30170879187957, -11.957797428861697 ], [ 26.297709020277786, -11.953454222747883 ], [ 26.287386197896808, -11.947541435505419 ], [ 26.280363119193979, -11.945516997382374 ], [ 26.25137447828299, -11.943407906060388 ], [ 26.212013945650508, -11.927560214201321 ], [ 26.200808255810294, -11.928782043829097 ], [ 26.191765171568477, -11.938957731482066 ], [ 26.182887164312447, -11.939474943136464 ], [ 26.170241091769643, -11.935185306455617 ], [ 26.137096666047718, -11.939987711175496 ], [ 26.069122119729929, -11.942921816934266 ], [ 26.010917441835449, -11.939350059543296 ], [ 25.98966539456914, -11.940620953939163 ], [ 25.98146952587177, -11.937441579963609 ], [ 25.978406100917436, -11.932857627859951 ], [ 25.980011431032821, -11.928019496808847 ], [ 25.988363317628554, -11.91762086981414 ], [ 25.990887179532681, -11.909786260881015 ], [ 25.987083515942569, -11.898076620532221 ], [ 25.975333798892311, -11.886411628438326 ], [ 25.959633332562962, -11.877524691299554 ], [ 25.933721452168569, -11.880423064753302 ], [ 25.918970811788355, -11.874523704135317 ], [ 25.906284619963937, -11.861248965799113 ], [ 25.898262741201858, -11.84726072958007 ], [ 25.894231676939867, -11.835778537334207 ], [ 25.890138193393071, -11.813028233861267 ], [ 25.887293356098692, -11.80567958087004 ], [ 25.880493201448274, -11.800422318185584 ], [ 25.872074438953749, -11.798166068608712 ], [ 25.862754873838899, -11.802125701992399 ], [ 25.849511367517639, -11.815074925068499 ], [ 25.835777357416575, -11.823886130905054 ], [ 25.823657499632592, -11.82808660868004 ], [ 25.797959670522751, -11.82683360712563 ], [ 25.740923301736345, -11.816983410568081 ], [ 25.718730378696588, -11.81570814875195 ], [ 25.713580145822593, -11.812970219752922 ], [ 25.707711992587747, -11.806558035184761 ], [ 25.698062496346385, -11.791419382196045 ], [ 25.687770829677451, -11.788017137824452 ], [ 25.677465867394336, -11.781618318974994 ], [ 25.672525213461402, -11.773819366987222 ], [ 25.655063382014387, -11.733183573895063 ], [ 25.650372345123372, -11.728831502208894 ], [ 25.645703720515979, -11.728621873716762 ], [ 25.635001847173669, -11.737638203263796 ], [ 25.62940564997082, -11.738124243782076 ], [ 25.609304077846712, -11.733839028896519 ], [ 25.600898679597652, -11.733874699810675 ], [ 25.593674870233546, -11.73643427383468 ], [ 25.584181456533312, -11.754877067197908 ], [ 25.577439308517256, -11.761574672088901 ], [ 25.562724237945815, -11.760486606134442 ], [ 25.532438026834225, -11.776708836636319 ], [ 25.517963827657439, -11.778603982324613 ], [ 25.505621061227149, -11.786474280183116 ], [ 25.497443077924203, -11.785127622100765 ], [ 25.488315221744131, -11.779411021849855 ], [ 25.483847210136677, -11.772294312104288 ], [ 25.484043414025543, -11.76240404707384 ], [ 25.489858074759141, -11.756629505442188 ], [ 25.4954097297083, -11.743724826793706 ], [ 25.496511083228029, -11.726468160819843 ], [ 25.494352925269457, -11.712444287481263 ], [ 25.487708814658372, -11.698647820626666 ], [ 25.487053333264413, -11.697292246351894 ], [ 25.477443986622802, -11.687665019076933 ], [ 25.462715527111211, -11.681279649417633 ], [ 25.436794802847761, -11.67907232991546 ], [ 25.435109307669308, -11.678541744017346 ], [ 25.427448576606643, -11.676115933424111 ], [ 25.401706113498168, -11.658034298710762 ], [ 25.382763909343499, -11.647747188000503 ], [ 25.365012221773622, -11.643898956015724 ], [ 25.355184380582436, -11.636108889641719 ], [ 25.341164915016446, -11.631324308943366 ], [ 25.336714771376101, -11.626967797190176 ], [ 25.330133155741866, -11.613189108650822 ], [ 25.329593520062868, -11.591798878341361 ], [ 25.326070854730808, -11.584909533478797 ], [ 25.314383593796279, -11.57919294186968 ], [ 25.307364909993179, -11.573003733096892 ], [ 25.305006081802997, -11.565882527166547 ], [ 25.309857552692339, -11.550913360804707 ], [ 25.310267821735742, -11.533201793109329 ], [ 25.306276876180441, -11.52608062104547 ], [ 25.296003122142849, -11.523124198754505 ], [ 25.289448303981175, -11.516703126901712 ], [ 25.294558384677252, -11.510014439182301 ], [ 25.311578834290327, -11.507432646012463 ], [ 25.323694176494907, -11.501872141157572 ], [ 25.326717466429145, -11.499103050571518 ], [ 25.32622692418348, -11.49335525949342 ], [ 25.308925606011115, -11.480299007244664 ], [ 25.304225770032065, -11.469730962146572 ], [ 25.305536717997782, -11.443502519218979 ], [ 25.298023084526772, -11.427886771315244 ], [ 25.302419805033775, -11.415909613267729 ], [ 25.299829075378575, -11.408329095444779 ], [ 25.291642121292586, -11.400762020083608 ], [ 25.278251444616135, -11.370208265249099 ], [ 25.280088661392305, -11.360772789875334 ], [ 25.288230976880286, -11.355916860503505 ], [ 25.30058715249875, -11.355190004950867 ], [ 25.307338143251982, -11.352175690955997 ], [ 25.311288925391445, -11.348483519809047 ], [ 25.315217411821664, -11.338352421742004 ], [ 25.312149518170997, -11.32731619404059 ], [ 25.299293998227434, -11.316779341835812 ], [ 25.295543820077814, -11.30919884753974 ], [ 25.298313005957151, -11.301600571595676 ], [ 25.306696102433339, -11.298354307132689 ], [ 25.321371010792681, -11.296236229648505 ], [ 25.329749587718911, -11.291839587510527 ], [ 25.335314622301674, -11.283077434180061 ], [ 25.334833045485087, -11.279171294025257 ], [ 25.32032751554156, -11.262427300096453 ], [ 25.31984148425796, -11.255988382500872 ], [ 25.330735090717695, -11.238700433820135 ], [ 25.332322522377154, -11.225813648363452 ], [ 25.351131003821685, -11.205738781544756 ], [ 25.351795464406916, -11.195848456003791 ], [ 25.345030990534156, -11.193569888313691 ], [ 25.335256663134288, -11.197279833967025 ], [ 25.329896793979767, -11.197297733941108 ], [ 25.315899674204097, -11.191821929779085 ], [ 25.303779863788279, -11.191398316801125 ], [ 25.273288508179192, -11.201845972325886 ], [ 25.268410234086037, -11.20646115684873 ], [ 25.258867713720285, -11.210398533132762 ], [ 25.258867713720285, -11.209479980898367 ], [ 25.238400470672694, -11.222188381564941 ], [ 25.225830251755699, -11.227517009353058 ], [ 25.190661376457207, -11.234058514518154 ], [ 25.155826869064416, -11.236551154100159 ], [ 25.137308169811398, -11.237875527244066 ], [ 25.107039865590913, -11.249910674714224 ], [ 25.070461778627134, -11.254829031195182 ], [ 25.052973263649868, -11.25003990957595 ], [ 25.014981709728247, -11.248510501196638 ], [ 24.985618545472761, -11.250410055897195 ], [ 24.965360780575256, -11.258730769632043 ], [ 24.959769130258099, -11.259430814560785 ], [ 24.946008274840203, -11.255087634327435 ], [ 24.930396990683079, -11.256264863661364 ], [ 24.915035420163722, -11.266413733045775 ], [ 24.905952183079233, -11.269878495013797 ], [ 24.89918776609678, -11.269200721270291 ], [ 24.886595226416524, -11.26393007253826 ], [ 24.873538981309377, -11.26211070441542 ], [ 24.867488010727314, -11.266494016902055 ], [ 24.860991057212292, -11.284673776749846 ], [ 24.853080618108368, -11.292967735601261 ], [ 24.841424580376309, -11.292985566620661 ], [ 24.83441485142912, -11.294122601439076 ], [ 24.818589516508467, -11.29669551452877 ], [ 24.809274453525241, -11.302229239706724 ], [ 24.798086563065763, -11.304316101112077 ], [ 24.779964770362398, -11.300797910854387 ], [ 24.773369743797254, -11.299518147409685 ], [ 24.754967081708145, -11.305747510399566 ], [ 24.743074576994317, -11.303923738169265 ], [ 24.738183021821726, -11.305997191706963 ], [ 24.732827607592363, -11.311985792519359 ], [ 24.736105035196459, -11.323022031791073 ], [ 24.732613556056283, -11.32877428566357 ], [ 24.714897568874285, -11.330638184110477 ], [ 24.711165279218275, -11.328109857660236 ], [ 24.69904993201008, -11.333643627439546 ], [ 24.68717091187105, -11.346994197644362 ], [ 24.676919385216841, -11.351145631842513 ], [ 24.665967862089019, -11.358052778771777 ], [ 24.644782626905187, -11.393034431061507 ], [ 24.634294890717385, -11.403852174957194 ], [ 24.627071121579839, -11.408458443000157 ], [ 24.605154590731431, -11.414455949521633 ], [ 24.59863091753795, -11.418598457843526 ], [ 24.593039237738083, -11.428956921036116 ], [ 24.593516345193585, -11.442985286094846 ], [ 24.591884299927248, -11.448510082414137 ], [ 24.588156577144446, -11.453339292457851 ], [ 24.583492341247393, -11.456331381180378 ], [ 24.576032254374176, -11.455876542529579 ], [ 24.550602017217798, -11.446458873291881 ], [ 24.539641484877009, -11.448073059475446 ], [ 24.528685536073173, -11.458658994755984 ], [ 24.522857457527568, -11.462110363292275 ], [ 24.512828894020455, -11.463265230558411 ], [ 24.500932069227577, -11.45958646215872 ], [ 24.489503417345198, -11.459127217010941 ], [ 24.471542090108144, -11.460741435767419 ], [ 24.462449984576693, -11.463965311590446 ], [ 24.448921080138952, -11.474778686835176 ], [ 24.4454251485889, -11.475697215668459 ], [ 24.440992821109823, -11.473168903672111 ], [ 24.437028677976798, -11.467648534106809 ], [ 24.435624066620012, -11.446253793868348 ], [ 24.426763859948462, -11.441424594855945 ], [ 24.409738958527385, -11.427391773093394 ], [ 24.397842134956214, -11.423017405599166 ], [ 24.382690114200635, -11.409216446548312 ], [ 24.37336162236511, -11.40530142220806 ], [ 24.36403319021365, -11.405069537388824 ], [ 24.34491261213849, -11.410126108165324 ], [ 24.319027478893037, -11.407588939418078 ], [ 24.302238974933108, -11.40182773268393 ], [ 24.288719014697261, -11.389172847326828 ], [ 24.288023348723151, -11.382497557306143 ], [ 24.290123583563734, -11.377668378389053 ], [ 24.295724219216638, -11.374453363745619 ], [ 24.305284522209547, -11.371925010157273 ], [ 24.338161492090737, -11.371710994589737 ], [ 24.349585730424362, -11.366422468566086 ], [ 24.357513960887065, -11.356532190959223 ], [ 24.366142381194734, -11.339511799368333 ], [ 24.368942650525636, -11.327325061804833 ], [ 24.376170909272293, -11.309613537111808 ], [ 24.393191235367016, -11.285922303346666 ], [ 24.398087380535451, -11.26729220349424 ], [ 24.400887702804074, -11.194604387718774 ], [ 24.390868032267928, -11.184714126991258 ], [ 24.386676550141349, -11.175742443812661 ], [ 24.387465799637315, -11.167894388635851 ], [ 24.391340761289818, -11.129510455143603 ], [ 24.391340761289818, -11.113408655357896 ], [ 24.389013105017288, -11.103518315722363 ], [ 24.38295758234829, -11.092473124343584 ], [ 24.37876610965402, -11.087184674245538 ], [ 24.353848588865578, -11.073606741807751 ], [ 24.334286573602284, -11.060260630884921 ], [ 24.32031614699579, -11.052662332006868 ], [ 24.283060336001274, -11.042526796980972 ], [ 24.267221674187105, -11.042285951098469 ], [ 24.262566322331764, -11.044355008074554 ], [ 24.253946926544355, -11.045269130123396 ], [ 24.238348987426718, -11.040430952593459 ], [ 24.216927487040696, -11.036502526619861 ], [ 24.19643785440093, -11.02981831491805 ], [ 24.186890912150055, -11.029118291405144 ], [ 24.17873971347376, -11.032560711831875 ], [ 24.168247431289601, -11.044283646806699 ], [ 24.164287792327375, -11.044970333939879 ], [ 24.141474958376168, -11.03643563653667 ], [ 24.13333272372758, -11.029064715845667 ], [ 24.131009467196698, -11.023771786621852 ], [ 24.13203950713115, -11.021221197385621 ], [ 24.14267897177081, -10.994805488590647 ], [ 24.145956426405217, -10.97709835184439 ], [ 24.144337750738305, -10.969045201882855 ], [ 24.123865983685111, -10.952002559902727 ], [ 24.121547305103665, -10.944867980204775 ], [ 24.12434762647397, -10.936591936248456 ], [ 24.127848026378995, -10.931767138738403 ], [ 24.130416426575245, -10.921876840667919 ], [ 24.129957107594933, -10.918657388212234 ], [ 24.124842514122193, -10.910372412693322 ], [ 24.117400271814972, -10.904611230294535 ], [ 24.094587598123212, -10.905507518646997 ], [ 24.074352117086171, -10.892830306705553 ], [ 24.058531292903005, -10.889361079095474 ], [ 24.039214411513445, -10.889102496992781 ], [ 24.009895892260953, -10.88515173228962 ], [ 23.999528409102563, -10.887247532983078 ], [ 23.989424141628966, -10.899960392239937 ], [ 23.989370600097669, -10.900031762311281 ], [ 23.980831465978152, -10.910773678344841 ], [ 23.987551273521913, -10.914983078115364 ], [ 23.988617025127088, -10.915651946536064 ], [ 23.994043754639549, -10.917069977124195 ], [ 23.997347949164503, -10.920606042526533 ], [ 23.999078034413973, -10.926884443900986 ], [ 23.99923411838342, -10.927450785280657 ], [ 24.016040520413004, -10.939748941778177 ], [ 24.018577694693871, -10.941603948170396 ], [ 24.02164560648152, -10.948685001338918 ], [ 24.018577694693871, -10.95222104184894 ], [ 24.016700404827461, -10.961616378824944 ], [ 24.016455216857185, -10.962838208192206 ], [ 24.018345846894206, -10.966378700959389 ], [ 24.024156072438636, -10.967774382810724 ], [ 24.024240734414118, -10.96779225268226 ], [ 24.024227395393346, -10.967854657728767 ], [ 24.02164560648152, -10.97840938261681 ], [ 24.023536215632717, -10.985017772412323 ], [ 24.023219617400468, -10.988705431034139 ], [ 24.022354574465812, -10.998934603040636 ], [ 24.020138376743006, -11.001373710936882 ], [ 24.015278004312766, -11.006720163285513 ], [ 24.013155420852168, -11.013092262411597 ], [ 24.006716469030774, -11.019348378380482 ], [ 24.007715389365458, -11.027562033747429 ], [ 24.012290359403234, -11.032850522113705 ], [ 24.012910231040344, -11.038571525717492 ], [ 24.013302607269239, -11.042165578503297 ], [ 24.012624841547691, -11.050290058390468 ], [ 24.011706240130533, -11.051057046250289 ], [ 24.009802244006497, -11.052657853743479 ], [ 24.010141083644832, -11.057504861550962 ], [ 24.012937000476484, -11.060198155949486 ], [ 24.013186636715403, -11.060438952882791 ], [ 24.013891171010709, -11.065981625236061 ], [ 24.016682619172983, -11.087956121980236 ], [ 24.018805095976607, -11.091906876442602 ], [ 24.02164560648152, -11.097204286193561 ], [ 24.020067053168461, -11.103295426838995 ], [ 24.01431485296132, -11.107357664626624 ], [ 24.008611584625505, -11.108427854771683 ], [ 24.007095510910137, -11.108708731999716 ], [ 24.002021115896518, -11.114461018732586 ], [ 24.00168217968929, -11.117167667441208 ], [ 24.005632972015647, -11.129688838873697 ], [ 24.010881284973571, -11.13127624493117 ], [ 24.012700612699174, -11.129506029665221 ], [ 24.012910231040344, -11.129305314131571 ], [ 24.017552118955187, -11.129421268201321 ], [ 24.019491836317002, -11.131588380827161 ], [ 24.020508515069245, -11.132725454758221 ], [ 24.027259609002972, -11.134263812639484 ], [ 24.034246982673629, -11.135855744705802 ], [ 24.035812149489956, -11.139159979520198 ], [ 24.036159953551259, -11.144377127441567 ], [ 24.034536805253396, -11.146695837383202 ], [ 24.034987236733478, -11.149233084607271 ], [ 24.035245844456124, -11.150700135083662 ], [ 24.036739596150593, -11.159163453953397 ], [ 24.036333900843527, -11.159921554330955 ], [ 24.03333286983252, -11.165468616885766 ], [ 24.03333286983252, -11.265459546261026 ], [ 24.036293703327637, -11.271376779445493 ], [ 24.045724690170267, -11.290243201794659 ], [ 24.050001037444297, -11.298791301999026 ], [ 24.081963822322713, -11.394670865307674 ], [ 24.083332759944632, -11.398782218115151 ], [ 24.085887893560255, -11.405060621268269 ], [ 24.078797866213062, -11.409546465772602 ], [ 24.076612877400532, -11.410928791777719 ], [ 24.072639822135471, -11.415851638918816 ], [ 24.064002579760857, -11.421001880084262 ], [ 24.062798630011851, -11.42171980040918 ], [ 24.060649314673675, -11.422254866349345 ], [ 24.052952963496583, -11.424181191150796 ], [ 24.044815045989555, -11.423423188860284 ], [ 24.03856789743503, -11.433077163769275 ], [ 24.037983720158106, -11.433906544674111 ], [ 24.036012774302744, -11.436697904603855 ], [ 24.034028481377707, -11.439511577930674 ], [ 24.0294846656506, -11.441214995765671 ], [ 24.027593989754578, -11.442726651557489 ], [ 24.024374578342918, -11.445946092676436 ], [ 24.020967762040605, -11.453704956006165 ], [ 24.023995550387443, -11.457111716082927 ], [ 24.0256988598946, -11.460139394413094 ], [ 24.026193853849453, -11.466070000987877 ], [ 24.02398212060988, -11.471447713720247 ], [ 24.021774914043903, -11.475567880321186 ], [ 24.022069190704411, -11.482559786109233 ], [ 24.022733603750794, -11.487937464507993 ], [ 24.025382263117621, -11.489703287757806 ], [ 24.029136856630597, -11.495812264309476 ], [ 24.030536983723248, -11.502955694038928 ], [ 24.031567068079394, -11.510830474688328 ], [ 24.034068679091224, -11.519222462554449 ], [ 24.036476543024932, -11.51966841923864 ], [ 24.038046148578776, -11.519958253235995 ], [ 24.039147537042972, -11.523124220314072 ], [ 24.032525828483699, -11.540278352338861 ], [ 24.029194839944694, -11.541147921695586 ], [ 24.027736725342809, -11.541531359516723 ], [ 24.024940896546056, -11.546093010584128 ], [ 24.024294271992826, -11.550917791538232 ], [ 24.023763614525933, -11.554855201580953 ], [ 24.020731469044538, -11.556585310608829 ], [ 24.019639020757779, -11.557209607670419 ], [ 24.01770819680711, -11.561396704105002 ], [ 24.011394080393252, -11.575099491542582 ], [ 24.011911321701039, -11.582679943662752 ], [ 24.00800967481149, -11.586434539304733 ], [ 24.002266311358746, -11.588258282231989 ], [ 24.001753506039631, -11.588423275791241 ], [ 24.000206193616869, -11.594090825970495 ], [ 24.000420264062484, -11.594197859571844 ], [ 24.002266311358746, -11.595120844408264 ], [ 24.001089154168515, -11.600422703703471 ], [ 24.000059093860273, -11.60454742841006 ], [ 23.997334518632353, -11.608520451075258 ], [ 23.995452788465361, -11.608756825000548 ], [ 23.994980176826328, -11.608814756203376 ], [ 23.991225583690646, -11.611686448435545 ], [ 23.989459805724909, -11.613893674980053 ], [ 23.990414023591367, -11.616546812852812 ], [ 23.981727711984032, -11.634802411935402 ], [ 23.982757721267969, -11.635908246880593 ], [ 23.982097789584159, -11.639957144488623 ], [ 23.979212755762038, -11.645160918498654 ], [ 23.970419425402508, -11.652224090396018 ], [ 23.966111955097144, -11.655501536729991 ], [ 23.960078763647793, -11.659639628278176 ], [ 23.974214112792737, -11.676530652263292 ], [ 23.975248675816509, -11.680320940208317 ], [ 23.972662354823228, -11.683767759667026 ], [ 23.974900826938256, -11.692213363489865 ], [ 23.980764583234198, -11.6949734905333 ], [ 23.986623820842564, -11.701180590009555 ], [ 23.984211437188215, -11.704970784916066 ], [ 23.992139687467755, -11.714450884577676 ], [ 23.990587897033134, -11.717380502694649 ], [ 23.996407085042204, -11.722615445603992 ], [ 24.000928624257064, -11.726691074505695 ], [ 24.001445877027354, -11.72858618816905 ], [ 23.996866355459591, -11.729518139216083 ], [ 23.993000339113909, -11.730307400857274 ], [ 23.991965814591929, -11.733067602460878 ], [ 23.992483077135887, -11.741687087936084 ], [ 23.995412678202833, -11.750302074639364 ], [ 23.999550732722465, -11.755131271998867 ], [ 24.000411370929818, -11.758060849431139 ], [ 24.001793706510977, -11.765471882998765 ], [ 24.002136998451387, -11.771678968461304 ], [ 24.002997631951573, -11.776847034330993 ], [ 24.007478998974051, -11.783054101207387 ], [ 24.010582554852164, -11.799771338653755 ], [ 24.012308235967222, -11.811320378321819 ], [ 24.01730684068626, -11.822699993086248 ], [ 24.022301036662526, -11.828728675963053 ], [ 24.022305483026738, -11.828733212077946 ], [ 24.022474989120106, -11.830797755927026 ], [ 24.017650212073672, -11.839247690554798 ], [ 24.018510817276926, -11.842346769795473 ], [ 24.002520490539752, -11.847862699239853 ], [ 24.000001106961896, -11.848732219818057 ], [ 23.983332982747729, -11.907061777227355 ], [ 23.983332982747729, -12.073711757233561 ], [ 23.980002010396369, -12.135095692915494 ], [ 23.983332982747729, -12.165368514017938 ], [ 23.984220330626311, -12.172400540021846 ], [ 23.991649195195372, -12.176672369174236 ], [ 23.997200757770766, -12.18409675970199 ], [ 23.998899717500567, -12.191641537206944 ], [ 23.99927876564119, -12.200220844830383 ], [ 23.998239717472934, -12.200506240692093 ], [ 24.000785880548062, -12.209277331630814 ], [ 24.010123297747807, -12.21814198191773 ], [ 24.012482101369066, -12.222480704764541 ], [ 24.016441786873006, -12.223421609346961 ], [ 24.019665699068817, -12.223096085777442 ], [ 24.026720062257187, -12.222387034375593 ], [ 24.028771262153743, -12.227247525024126 ], [ 24.030024209216347, -12.230212810587755 ], [ 24.040115174257554, -12.235024200760162 ], [ 24.046901916818236, -12.243982476996369 ], [ 24.04718728539811, -12.248133896785543 ], [ 24.050393382555551, -12.255486960909058 ], [ 24.05435310971437, -12.256525981355304 ], [ 24.059918084244753, -12.264356113624043 ], [ 24.061897911312141, -12.277086887389725 ], [ 24.060863357460164, -12.284346287403517 ], [ 24.058883525964085, -12.286424209655511 ], [ 24.058219164472014, -12.290196644761057 ], [ 24.064163088013927, -12.299154952321517 ], [ 24.066896528571657, -12.306980708016157 ], [ 24.066691380453953, -12.31440956780618 ], [ 24.066669150779866, -12.315354880197122 ], [ 24.053907143049894, -12.328112393637758 ], [ 24.050001037444297, -12.332018491275299 ], [ 24.043138483164213, -12.334257009644583 ], [ 24.059079694791706, -12.341489652933396 ], [ 24.061706189657219, -12.347527249613101 ], [ 24.070214090288552, -12.352360912866191 ], [ 24.076907210026079, -12.360877806927093 ], [ 24.077058822101197, -12.365595540311045 ], [ 24.074320905319254, -12.376547092436486 ], [ 24.077058822101197, -12.380047529325148 ], [ 24.077058822101197, -12.382477682113958 ], [ 24.06960763264561, -12.398146967668266 ], [ 24.071734676789568, -12.4071231930703 ], [ 24.069759247128211, -12.4125989567722 ], [ 24.066923294899627, -12.420161553654388 ], [ 24.065193188521782, -12.424767795161118 ], [ 24.051806965476914, -12.42933394198211 ], [ 24.047075860104016, -12.431964776590794 ], [ 24.032944956604634, -12.439826203693665 ], [ 24.030817916044956, -12.443933046482309 ], [ 24.031888106944603, -12.444829362799325 ], [ 24.033555817708251, -12.446216137144949 ], [ 24.025092434869485, -12.451165684228517 ], [ 24.023665522674072, -12.451999533632053 ], [ 24.018038137958818, -12.458844290965834 ], [ 24.01271404280013, -12.461733784258588 ], [ 24.005258375494382, -12.471316386419256 ], [ 24.005566092766138, -12.474816808548599 ], [ 24.005414457415672, -12.478009497766518 ], [ 24.002065672145964, -12.483030462990282 ], [ 23.994708116383148, -12.488568644261205 ], [ 23.988527819347134, -12.493219532199252 ], [ 23.980314190785915, -12.502958181642171 ], [ 23.979551707977244, -12.504630309844282 ], [ 23.982900470393812, -12.50965130078681 ], [ 23.970731521287533, -12.513606502242212 ], [ 23.968751764504336, -12.517405636724289 ], [ 23.962210205287612, -12.518930685813089 ], [ 23.956582819566243, -12.519688729803397 ], [ 23.954451353052075, -12.525316126565059 ], [ 23.954910663731955, -12.527902344746156 ], [ 23.957037681249847, -12.528816499322994 ], [ 23.955976397155226, -12.53125120231228 ], [ 23.94943493680708, -12.534747135021158 ], [ 23.948065972702825, -12.537333367135126 ], [ 23.948217535478399, -12.54828937560506 ], [ 23.945631250857904, -12.551482140029936 ], [ 23.947303438780015, -12.560306691534796 ], [ 23.955062315117349, -12.579320272947331 ], [ 23.960386419313085, -12.593312920577141 ], [ 23.956886030484291, -12.597116541641006 ], [ 23.954299792225846, -12.599702817368179 ], [ 23.954910663731955, -12.604264488441064 ], [ 23.953390154018933, -12.608219673080002 ], [ 23.950344582452047, -12.61460956339419 ], [ 23.94775830919524, -12.622065178049679 ], [ 23.948369188965849, -12.626778505538523 ], [ 23.94775830919524, -12.629824019217969 ], [ 23.942741823609289, -12.637426823075307 ], [ 23.939696185117917, -12.644882459200533 ], [ 23.938991723074107, -12.646086360117119 ], [ 23.937109945844377, -12.649292522429366 ], [ 23.936088824078638, -12.65031808250143 ], [ 23.930265185312592, -12.656137237605211 ], [ 23.926466068967503, -12.663289589231384 ], [ 23.927224097551701, -12.666785517071395 ], [ 23.924486222002432, -12.671351699375839 ], [ 23.921445098299948, -12.675306889512466 ], [ 23.92007614626905, -12.682000001497533 ], [ 23.924789452961896, -12.687778959534583 ], [ 23.929810389286853, -12.695078497775455 ], [ 23.930572859896404, -12.701771656185457 ], [ 23.926158391805526, -12.71409657759161 ], [ 23.920227808524057, -12.720638106400363 ], [ 23.91368632179239, -12.727331228707072 ], [ 23.908058919847448, -12.742086348599331 ], [ 23.90851373604935, -12.748320227905236 ], [ 23.905169361328024, -12.758513751123081 ], [ 23.899996867743145, -12.760337513732425 ], [ 23.899385927578802, -12.76216567639783 ], [ 23.89771375752418, -12.770834220254107 ], [ 23.902275429180971, -12.775855189780801 ], [ 23.900451691374112, -12.783917222158101 ], [ 23.897865426660285, -12.787720830735383 ], [ 23.896799657286433, -12.794262339089498 ], [ 23.897562179108938, -12.799586456014364 ], [ 23.896496409088304, -12.810992868080676 ], [ 23.900300023037509, -12.819665811193513 ], [ 23.893303714345745, -12.841720496491698 ], [ 23.89497589929443, -12.8441552169083 ], [ 23.904406851246499, -12.845524136348319 ], [ 23.906177114482485, -12.84665228266039 ], [ 23.907755678557361, -12.847655592621692 ], [ 23.907612998062806, -12.84810594858939 ], [ 23.906079089411381, -12.853131339578997 ], [ 23.910948370649891, -12.857693043027165 ], [ 23.917030638617298, -12.859213558516355 ], [ 23.922051563785182, -12.863931281255272 ], [ 23.927375757587871, -12.875796951027809 ], [ 23.927072528236394, -12.880969543086008 ], [ 23.937872405027356, -12.890248894946486 ], [ 23.948369188965849, -12.896942053760728 ], [ 23.953693366949206, -12.898154932772641 ], [ 23.967993710165437, -12.897093673309827 ], [ 23.980162547368579, -12.901958534684425 ], [ 23.982597275914934, -12.908196814836906 ], [ 23.9880729875415, -12.911086345050418 ], [ 23.990351588846558, -12.919451585255562 ], [ 23.995069381402537, -12.923255185828856 ], [ 23.999176131377247, -12.926144712314359 ], [ 24.007086617903234, -12.934817646974048 ], [ 24.018020352358239, -12.939620058736718 ], [ 24.027165964207029, -12.943642228850948 ], [ 24.030207051366048, -12.955811086329065 ], [ 24.029569417403707, -12.958767459796595 ], [ 24.027772386546179, -12.967065837963951 ], [ 24.030880345426826, -12.969513915987466 ], [ 24.032793330084612, -12.971021085628688 ], [ 24.039486446219893, -12.983952467678156 ], [ 24.046331179128483, -12.989579840868025 ], [ 24.045831760395934, -12.998618489785928 ], [ 23.978629775526162, -12.998618430470168 ], [ 23.91142778095459, -12.998618484701463 ], [ 23.844225773447274, -12.998618455012142 ], [ 23.777023749761302, -12.998618471136902 ], [ 23.709821797437495, -12.998618490109321 ], [ 23.642619731620535, -12.99861849495124 ], [ 23.575417730643974, -12.998618433416643 ], [ 23.508215791246922, -12.998618434665302 ], [ 23.456338585576585, -12.998618484225355 ], [ 23.404461442482891, -12.998618482832967 ], [ 23.352584213321606, -12.998618465845825 ], [ 23.300707021979395, -12.998618442687256 ], [ 23.248829901523244, -12.9986184314134 ], [ 23.196952703290957, -12.998618467112449 ], [ 23.145075460349517, -12.998618485438081 ], [ 23.093198296675418, -12.998618495669893 ], [ 23.076962766597795, -12.998618417839856 ], [ 23.009878381241883, -12.998618479194791 ], [ 22.942793981755468, -12.998618418531558 ], [ 22.87570956370088, -12.998618445543899 ], [ 22.808625213621809, -12.998618432060187 ], [ 22.741540745387326, -12.99861843950722 ], [ 22.674456427512858, -12.998618487333527 ], [ 22.607371983047798, -12.998618479958358 ], [ 22.540287589750779, -12.998618444780332 ], [ 22.473203243633275, -12.998618425736048 ], [ 22.406118849806251, -12.998618474828978 ], [ 22.339034495388315, -12.998618462189683 ], [ 22.271950085688058, -12.998618439291626 ], [ 22.204865708021725, -12.998618441052324 ], [ 22.137781267904511, -12.99861843588701 ], [ 22.070696943849633, -12.998618450278022 ], [ 22.003612550633459, -12.998618460267288 ], [ 22.003567884897347, -13.00470955802715 ], [ 22.00058028250508, -13.425283130241414 ], [ 22.000517877772985, -13.433920396780708 ], [ 22.000277082815973, -13.468019149173038 ], [ 22.000277082815973, -13.485387296406037 ], [ 22.000277082815973, -13.693252801360343 ], [ 22.000277082815973, -13.976053439924728 ], [ 22.000277082815973, -14.633971487205496 ], [ 22.000277082815973, -15.503447140213501 ], [ 22.000277082815973, -16.030584238890793 ], [ 22.000277082815973, -16.172811719291349 ], [ 22.000277082815973, -16.192199922800185 ], [ 21.999670683338945, -16.193537628640723 ], [ 21.999211380681022, -16.194549836621526 ], [ 21.999670683338945, -16.195013588697936 ], [ 22.00010324103982, -16.195459474289454 ], [ 22.004174374547262, -16.199624304605297 ], [ 22.001463227488923, -16.20307563060636 ], [ 21.999211380681022, -16.20593835599011 ] ] ] } }
]
}
